date,season,neutral,playoff,team1,team2,elo1_pre,elo2_pre,elo_prob1,elo_prob2,elo1_post,elo2_post,qbelo1_pre,qbelo2_pre,qb1,qb2,qb1_value_pre,qb2_value_pre,qb1_adj,qb2_adj,qbelo_prob1,qbelo_prob2,qb1_game_value,qb2_game_value,qb1_value_post,qb2_value_post,qbelo1_post,qbelo2_post,score1,score2,quality,importance,total_rating
2021-09-09,2021,0,,TB,DAL,1656.23592987083,1452.42423600283,0.8245385444949991,0.17546145550500092,1659.6714372909,1448.98872858276,1634.45174390917,1505.6288242255,Tom Brady,Dak Prescott,213.41055017436858,231.49179884034237,8.527869371689466,17.881196355442853,0.7360902778954788,0.263909722104521,317.12856624852475,397.4017251873075,223.78235178178423,248.0827914750389,1639.81595573489,1500.26461239978,31,29,85,48,67
2021-09-12,2021,0,,CAR,NYJ,1436.53931839259,1381.74750021599,0.6658728521688951,0.33412714783110486,1447.89452749365,1370.39229111493,1458.5374833288,1392.50273416531,Sam Darnold,Zach Wilson,104.47161660834459,112.44816,-17.899887158874932,-2.0904255335861732,0.6497690208684391,0.350230979131561,226.64375553273365,-8.498819378058899,116.6888305007835,100.35346206219411,1470.50409640853,1380.53612108558,19,14,12,36,24
2021-09-12,2021,0,,CIN,MIN,1412.11982567755,1494.5227209927,0.4749761449039141,0.525023855096086,1426.79264585186,1479.84990081839,1426.33862379998,1502.49676333132,Joe Burrow,Kirk Cousins,154.38751036221348,200.02342867698542,4.532814540039714,8.142599752013114,0.46788419409925996,0.53211580590074,154.35988068312042,283.2565827022136,154.38474739430418,208.34674407950826,1441.24340610999,1487.59198102131,27,24,33,57,45
2021-09-12,2021,0,,DET,SF,1390.64524910337,1490.66595095681,0.44977115486500696,0.550228845134993,1371.18998305936,1510.12121700082,1369.55763405883,1548.0578439056,Jared Goff,Jimmy Garoppolo,160.6390937928922,127.74856882720877,-1.519107942510196,-4.082609061149185,0.3434266762783252,0.656573323721675,269.3849195966204,175.21692354269464,171.51367637326499,132.49540429875736,1355.20060942193,1562.4148685425,33,41,23,45,34
2021-09-12,2021,0,,WSH,LAC,1463.23379626925,1496.9453348771,0.5449063844382106,0.4550936155617894,1445.44088511343,1514.73824603292,1489.48797605695,1517.60210067526,Ryan Fitzpatrick,Justin Herbert,190.4666912543703,191.69135528399636,24.823213135492193,5.549695242539244,0.5790764978717644,0.420923502128236,-1.92819238379691,180.05233051947272,171.22720289055354,190.52745280754397,1470.36659767759,1536.72347905462,16,20,58,67,63
2021-09-12,2021,0,,HOU,JAX,1432.77554209903,1339.02356327475,0.7137873146504335,0.28621268534956645,1447.90204573003,1323.89705964375,1357.11260058243,1385.36378192742,Tyrod Taylor,Trevor Lawrence,120.46864185927187,112.90158,-101.64484954214346,-6.469035658326765,0.40736132283847715,0.592638677161523,287.4284573707193,82.47906905989937,137.1646234104166,109.85932890598994,1391.71843357762,1350.75794893223,37,21,0,17,9
2021-09-12,2021,0,,IND,SEA,1561.49008374858,1565.75113437891,0.5865306405282676,0.41346935947173236,1530.54737055287,1596.69384757462,1527.52173127951,1553.10296204501,Carson Wentz,Russell Wilson,102.46922322975294,187.03065281486022,-21.756851343545005,-0.3268685144871426,0.5222451058321588,0.477754894167841,216.6669724011758,246.65231764255597,113.88899814689525,192.99281929762984,1500.54139376389,1580.08329956063,16,28,63,73,68
2021-09-12,2021,0,,TEN,ARI,1553.39721722001,1486.43695568349,0.6812721657113258,0.31872783428867424,1506.17151864956,1533.66265425394,1534.79305468692,1483.21904046726,Ryan Tannehill,Kyler Murray,207.78041052066803,217.21686486028685,6.311824854617033,5.662860138279655,0.6571708202413542,0.342829179758646,33.68456477355486,302.0173112232985,190.3708259459567,225.696909496588,1489.65105304156,1528.36104211262,13,38,56,59,58
2021-09-12,2021,0,,ATL,PHI,1484.49361709345,1426.46597194264,0.670004200101875,0.329995799898125,1437.71308115209,1473.246507884,1462.27378351577,1432.00054262358,Matt Ryan,Jalen Hurts,178.59651696121685,119.52962326488215,0.9956722169156194,-7.458144688717802,0.635254977215658,0.364745022784342,17.562048959146228,382.3698670223619,162.4930701610098,145.8136476406301,1418.48126849106,1475.79305764829,6,32,21,57,39
2021-09-12,2021,0,,BUF,PIT,1634.00386072407,1526.42032423259,0.7297729044914865,0.27022709550851354,1601.06988523366,1559.354299723,1606.41473130055,1502.0654325584,Josh Allen,Ben Roethlisberger,244.60259409025804,218.98733847377505,10.202572355561548,9.106081842419744,0.7165850088323535,0.283414991167646,217.56490985570812,83.0338041429864,241.89882566680305,205.39198504069617,1574.25745401774,1534.22270984121,16,23,78,58,68
2021-09-12,2021,0,,KC,CLE,1643.35778701558,1531.69726243689,0.7343760667074564,0.26562393329254363,1651.27235027267,1523.7826991798,1640.21004844659,1562.48323308307,Patrick Mahomes,Baker Mayfield,232.16244186572052,173.37698787347563,2.0822003296723293,3.9617113469478564,0.6833523331756626,0.316647666824337,391.53494707581206,159.61766656161214,248.09969238672969,172.00105574228928,1649.81890453906,1552.8743769906,33,29,90,60,75
2021-09-12,2021,0,,NYG,DEN,1425.40108592539,1449.69551781791,0.5583134525659972,0.4416865474340028,1394.59222690765,1480.50437683565,1446.61525996127,1491.91914310986,Daniel Jones,Teddy Bridgewater,120.818936231333,160.13867808188877,-3.746332185520984,12.5449040643386,0.49986940853109274,0.500130591468907,226.62210429924053,290.4182998238765,131.39925303812376,173.16664025608753,1419.54294757744,1518.99145549369,13,27,34,60,47
2021-09-12,2021,1,,NO,GB,1614.95936469189,1629.33743079564,0.4793201035956061,0.5206798964043939,1652.52218129382,1591.77461419371,1552.72492605052,1584.66477716081,Jameis Winston,Aaron Rodgers,149.4754866924155,268.837927013728,-15.689334234760217,17.06913198329195,0.4079531447664966,0.592046855233503,371.447665874802,-67.64054829750239,171.67270461065414,235.19007948260497,1596.44281844839,1540.94688476294,38,3,80,74,77
2021-09-12,2021,0,,NE,MIA,1500.99746243259,1532.21301019351,0.5484670709067537,0.45153292909324627,1493.275511685,1539.9349609411,1520.03796884731,1528.45021111073,Mac Jones,Tua Tagovailoa,106.55369999999999,128.2789391500762,-15.1549713355976,-12.355888602365233,0.5696251657913961,0.430374834208604,257.01575906994634,109.79415967203387,121.59990590699464,126.43046120227199,1511.96253792523,1536.52564203281,16,17,54,90,72
2021-09-12,2021,0,,LAR,CHI,1571.73427292628,1496.16718002393,0.6919324443658756,0.30806755563412436,1589.36607587075,1478.53537707946,1569.71096830765,1467.24760314562,Matthew Stafford,Andy Dalton,161.92700444568447,121.87840151254483,0.6598179825329438,-11.19521455817951,0.7340040532347638,0.265995946765236,312.73235739556037,100.78161336732258,177.00753974067206,119.7687226980226,1584.70575312514,1452.25281832813,34,14,54,54,54
2021-09-13,2021,0,,OAK,BAL,1473.13101372901,1605.83975771845,0.4037743882873374,0.5962256117126625,1497.07186350283,1581.89890794463,1456.19125945714,1591.69992147818,Derek Carr,Lamar Jackson,184.3714181414348,207.05646292688212,1.3024904665225285,0.8426719396273135,0.3983613481927848,0.601638651807215,250.70870338095511,221.1194832225413,191.00514666538683,208.46276495644804,1480.39389809097,1567.49728284435,33,27,60,65,63
2021-09-16,2021,0,,WSH,NYG,1445.44088511343,1394.59222690765,0.6608038474731297,0.3391961525268703,1449.90791522859,1390.12519679249,1470.36659767759,1419.54294757744,Taylor Heinicke,Daniel Jones,31.082280503134772,131.39925303812373,-126.18261409060952,1.7311428271503166,0.46938859852664294,0.530611401473357,282.4636758483078,337.9960050091251,56.220420037652076,152.05892823522385,1477.79433961535,1412.11520563968,30,29,4,48,26
2021-09-19,2021,0,,PIT,OAK,1559.354299723,1497.07186350283,0.6753967438565561,0.3246032561434439,1526.34113185912,1530.08503136671,1534.22270984121,1480.39389809097,Ben Roethlisberger,Derek Carr,205.39198504069608,191.005146665387,1.8531010337591516,4.554230205172574,0.6581682888275129,0.341831711172487,135.77980007703934,378.25295537854765,198.4307665443304,209.72992753670306,1502.25942340542,1512.35718452676,17,26,53,78,66
2021-09-19,2021,0,,JAX,DEN,1323.89705964375,1480.50437683565,0.3711388794838474,0.6288611205161526,1306.80953555027,1497.59190092913,1350.75794893223,1518.99145549369,Trevor Lawrence,Teddy Bridgewater,109.85932890599005,173.16664025608762,-7.666709422415349,18.43163994822117,0.31686573170958365,0.683134268290416,-60.29270990009652,223.52332551780825,92.84412502538139,178.20230878225965,1336.43081797086,1533.31858645506,13,23,18,45,32
2021-09-19,2021,0,,CHI,CIN,1478.53537707946,1426.79264585186,0.6619564828186961,0.3380435171813039,1487.43564204028,1417.89238089104,1452.25281832813,1441.24340610999,Andy Dalton,Joe Burrow,119.76872269802253,154.3847473943042,-11.690293237531588,4.304792329083162,0.5729005583910423,0.427099441608958,86.24004458272798,-39.537969458592656,116.41585488649308,134.9924757090145,1463.8261330796,1429.67009135852,20,17,20,49,35
2021-09-19,2021,0,,IND,LAR,1530.54737055287,1589.36607587075,0.5088946596731859,0.4911053403268141,1516.39805958312,1603.5153868405,1500.54139376389,1584.70575312514,Carson Wentz,Matthew Stafford,113.88899814689529,177.0075397406722,-14.959121317796697,8.167094730900281,0.4355568601734838,0.564443139826516,169.95882371458154,163.00599277605323,119.49598070366392,175.6073850442103,1488.70741415887,1596.53973273016,24,27,68,64,66
2021-09-19,2021,0,,NYJ,NE,1370.39229111493,1493.275511685,0.41746158539733863,0.5825384146026613,1346.02143887163,1517.6463639283,1380.53612108558,1511.96253792523,Zach Wilson,Mac Jones,100.35346206219411,121.59990590699456,-8.033253225809792,-6.874119815320555,0.3910997968067108,0.608900203193289,-132.33925729594284,51.267858771722004,77.08419012638042,114.56670119346734,1357.89496195108,1534.60369705973,6,25,18,52,35
2021-09-19,2021,0,,MIA,BUF,1539.9349609411,1601.06988523366,0.5055620616221473,0.49443793837785266,1503.63736697121,1637.36747920355,1536.52564203281,1574.25745401774,Tua Tagovailoa,Josh Allen,126.43046120227216,241.89882566680313,-12.662333146149045,8.340559526055921,0.5013377137816455,0.498662286218355,-37.31159504853792,123.68126213207391,110.05625557719117,230.0770693133302,1500.5793902342,1610.20370581635,0,35,74,91,83
2021-09-19,2021,0,,CLE,HOU,1523.7826991798,1447.90204573003,0.6923170682249868,0.30768293177501316,1537.65048165202,1434.03426325781,1552.8743769906,1391.71843357762,Baker Mayfield,Tyrod Taylor,172.0010557422894,137.16462341041645,3.075659714007542,-88.21461628946405,0.857614773976988,0.142385226023012,158.5114066225295,200.65449073764566,170.6520908303134,143.5136101431394,1558.85491319013,1385.73789737809,31,21,13,16,15
2021-09-19,2021,0,,PHI,SF,1473.246507884,1510.12121700082,0.5403873651786116,0.45961263482138837,1451.94325720754,1531.42446767728,1475.79305764829,1562.4148685425,Jalen Hurts,Jimmy Garoppolo,145.8136476406302,132.49540429875748,6.0567747335921,-1.5050608723174115,0.47989137218387096,0.520108627816129,218.26196463241433,249.63023752681408,153.0584793398086,144.20888762156315,1457.23448288989,1580.9734433009,11,17,59,79,69
2021-09-19,2021,0,,CAR,NO,1447.89452749365,1652.52218129382,0.3092214975115223,0.6907785024884777,1492.08704839132,1608.32966039615,1470.50409640853,1596.44281844839,Sam Darnold,Jameis Winston,116.68883050078352,171.67270461065405,-10.896285854711742,-3.8062585639029543,0.3931200894490876,0.606879910550912,250.1977701329977,-87.30758739353111,130.03972446400496,145.77467541023555,1508.15605718623,1558.79085767069,26,7,60,77,69
2021-09-19,2021,0,,ARI,MIN,1533.66265425394,1479.84990081839,0.664617761154424,0.33538223884557605,1538.0738112689,1475.43874380343,1528.36104211262,1487.59198102131,Kyler Murray,Kirk Cousins,225.69690949658786,208.3467440795083,9.619739449516043,11.897127465673904,0.6382435763966146,0.361756423603385,383.2181776645893,331.27662755050045,241.449036313388,220.63973242660754,1533.16087018271,1482.79215295122,34,33,58,73,66
2021-09-19,2021,0,,TB,ATL,1659.6714372909,1437.71308115209,0.8391429624058464,0.1608570375941536,1668.71595636011,1428.66856208288,1639.81595573489,1418.48126849106,Tom Brady,Matt Ryan,223.7823517817841,162.49307016100983,13.287376706812584,-7.105834794033676,0.8478284019962586,0.152171598003741,267.847664686869,176.1979299435666,228.18888307229255,163.86355613926548,1648.33296929024,1409.96425493571,48,25,60,19,40
2021-09-19,2021,0,,SEA,TEN,1596.69384757462,1506.17151864956,0.709974147229171,0.29002585277082904,1575.51178258371,1527.35358364047,1580.08329956063,1489.65105304156,Russell Wilson,Ryan Tannehill,192.99281929762986,190.37082594595657,2.6705581526220086,-2.7085586754695736,0.7137293701262535,0.286270629873747,242.33273667775853,220.31991479674207,197.92681103564271,193.36573483103513,1558.75602094047,1510.97833166172,30,33,66,52,59
2021-09-19,2021,0,,LAC,DAL,1514.73824603292,1448.98872858276,0.6797568749915748,0.3202431250084252,1494.70050881844,1469.02646579724,1536.72347905462,1500.26461239978,Justin Herbert,Dak Prescott,190.5274528075439,248.08279147503885,4.690259242185994,25.282632855018974,0.6073582522894637,0.392641747710536,179.79842895172357,145.97450825101782,189.4545504219619,237.87196315263674,1519.28319915472,1517.70489229968,17,20,66,66,66
2021-09-19,2021,0,,BAL,KC,1581.89890794463,1651.27235027267,0.4937064429622517,0.5062935570377483,1588.93160747921,1644.23965073809,1567.49728284435,1649.81890453906,Lamar Jackson,Patrick Mahomes,208.46276495644807,248.09969238672946,1.5036893574288313,9.946715573693249,0.45416561566813196,0.545834384331868,348.9430742491551,366.1795592275326,222.51079588571878,259.90767907080976,1575.17562501081,1642.1405623726,36,35,93,81,87
2021-09-20,2021,0,,GB,DET,1591.77461419371,1371.18998305936,0.838072687009403,0.16192731299059704,1600.21469858767,1362.7498986654,1540.94688476294,1355.20060942193,Aaron Rodgers,Jared Goff,235.19007948260483,171.51367637326493,-0.6082483814342353,3.994138744801589,0.7967491202755974,0.203250879724403,245.29236838118496,292.1215735966866,236.20030837246284,183.5744660956071,1551.75066867924,1344.39682550563,35,17,21,33,27
2021-09-23,2021,0,,HOU,CAR,1434.03426325781,1492.08704839132,0.5099965136095819,0.49000348639041813,1405.66446476028,1520.45684688885,1385.73789737809,1508.15605718623,Davis Mills,Sam Darnold,82.97586,130.03972446400485,-141.1671422517688,-3.676024580365501,0.23900937295504734,0.760990627044953,64.20408299177036,210.28212730702816,81.09868229917704,138.06396474830717,1373.59486077813,1520.29909378619,9,24,2,24,13
2021-09-26,2021,0,,BUF,WSH,1637.36747920355,1449.90791522859,0.8105018054145118,0.18949819458548822,1648.02759449283,1439.24779993931,1610.20370581635,1477.79433961535,Josh Allen,Taylor Heinicke,230.0770693133302,56.22042003765198,2.012653373016651,-107.3044136188203,0.8474414049614395,0.152558595038561,508.5024957742917,165.82027571951392,257.9196119594264,67.18040560583816,1618.62978756105,1469.36825787065,43,21,38,19,29
2021-09-26,2021,0,,PIT,CIN,1526.34113185912,1417.89238089104,0.7307539710741509,0.26924602892584915,1483.37532414622,1460.85818860394,1502.25942340542,1429.67009135852,Ben Roethlisberger,Joe Burrow,198.43076654433054,134.99247570901454,-1.7201632661116235,-5.60658313001589,0.6819502681978696,0.31804973180213,67.37433336921639,231.59659862524512,185.3251232268191,144.6528880006376,1462.95719110874,1468.9723236552,10,24,29,57,43
2021-09-26,2021,0,,KC,LAC,1644.23965073809,1494.70050881844,0.7746901496735364,0.22530985032646356,1610.83229021851,1528.10786933802,1642.1405623726,1519.28319915472,Patrick Mahomes,Justin Herbert,259.90767907080965,189.45455042196176,15.353373137048438,3.919295087285491,0.7542015966885453,0.245798403311455,227.08207385409182,341.0322115523235,256.6251185491379,204.61231653499792,1609.93749246701,1551.48626906031,24,30,86,56,71
2021-09-26,2021,0,,DET,BAL,1362.7498986654,1588.93160747921,0.2833638478287741,0.7166361521712259,1356.94877451389,1594.73273163072,1344.39682550563,1575.17562501081,Jared Goff,Lamar Jackson,183.57446609560705,222.5107958857189,9.824826668732463,8.452520354192954,0.269961599778496,0.730038400221504,139.27687228178064,67.00404097775058,179.1447067142244,206.96012039492203,1338.89717884181,1580.67527167463,17,19,28,25,27
2021-09-26,2021,0,,NYG,ATL,1390.12519679249,1428.66856208288,0.5380007363850455,0.46199926361495447,1375.02708301306,1443.76667586231,1412.11520563968,1409.96425493571,Daniel Jones,Matt Ryan,152.05892823522387,163.8635561392655,11.974423284343072,-6.065300065204031,0.6106524477397304,0.38934755226027,142.88157246815067,192.7367830715174,151.14119265851656,166.7508788324907,1394.56047211079,1427.5189884646,14,17,11,19,15
2021-09-26,2021,0,,CLE,CHI,1537.65048165202,1487.43564204028,0.6599855738586851,0.34001442614131494,1557.32381278325,1467.76231090905,1558.85491319013,1463.8261330796,Baker Mayfield,Justin Fields,170.65209083031348,108.36738,2.247394272319333,-20.830687367912738,0.7317545781200123,0.268245421879988,111.56522002996195,-293.85194278361166,164.74340375027833,68.14544772163883,1573.98921879968,1448.69182747005,26,6,49,46,48
2021-09-26,2021,0,,NE,NO,1517.6463639283,1608.32966039615,0.46310594370030445,0.5368940562996956,1492.26265276656,1633.71337155789,1534.60369705973,1558.79085767069,Mac Jones,Jameis Winston,114.56670119346738,145.7746754102354,-10.047016181318149,-16.56496023591717,0.5611371626410475,0.438862837358952,70.01417264197289,92.04399658447917,110.11144833831793,140.40160752765976,1502.87181509751,1590.52273963291,13,28,66,72,69
2021-09-26,2021,0,,JAX,ARI,1306.80953555027,1538.0738112689,0.2774603801437347,0.7225396198562652,1293.57620376766,1551.30714305151,1336.43081797086,1533.16087018271,Trevor Lawrence,Kyler Murray,92.8441250253815,241.44903631338798,-15.790975891598817,17.01481588544033,0.27624834405886617,0.723751655941134,74.43908718860196,272.04345025754293,91.00362124170356,244.50847770780345,1323.26114685419,1546.33054129938,19,31,15,28,22
2021-09-26,2021,0,,TEN,IND,1527.35358364047,1516.39805958312,0.6076000239690891,0.3923999760309109,1544.82119683984,1498.93044638375,1510.97833166172,1488.70741415887,Ryan Tannehill,Carson Wentz,193.36573483103513,119.49598070366385,-1.075676299156818,-11.407673973522737,0.6248198482204474,0.375180151779553,207.62198415287568,-9.397609140504386,194.7913597632192,106.60662171924703,1527.58709093981,1472.09865488078,25,16,45,97,71
2021-09-26,2021,0,,DEN,NYJ,1497.59190092913,1346.02143887163,0.7767245884652014,0.22327541153479857,1510.99051319521,1332.62282660555,1533.31858645506,1357.89496195108,Teddy Bridgewater,Zach Wilson,178.20230878225973,77.08419012638058,20.027892213896163,-19.266226532425943,0.8306248723436815,0.169375127656318,148.00075684876086,-152.02178338946675,175.18215358890987,54.17359277479584,1543.23782696814,1347.975721438,26,0,19,17,18
2021-09-26,2021,0,,OAK,MIA,1530.08503136671,1503.63736697121,0.6286465970380183,0.3713534029619817,1539.97023450984,1493.75216382808,1512.35718452676,1500.5793902342,Derek Carr,Jacoby Brissett,209.72992753670297,125.48108316434327,13.688909130571956,-4.791491714229979,0.6320035521981399,0.36799644780186,184.12349004109532,189.34710108881225,207.16928378714218,131.86768495679019,1522.14234031822,1490.79423444274,31,28,54,88,71
2021-09-26,2021,0,,MIN,SEA,1475.43874380343,1575.51178258371,0.4496965972008547,0.5503034027991454,1504.95494421393,1545.99558217321,1482.79215295122,1558.75602094047,Kirk Cousins,Russell Wilson,220.63973242660765,197.92681103564257,17.44876526593989,5.00402611399714,0.495760215573426,0.504239784426574,378.5602100725302,212.553559796985,236.4317801911999,199.3894859117768,1509.44219587577,1532.10597801592,30,17,65,74,70
2021-09-26,2021,0,,LAR,TB,1603.5153868405,1668.71595636011,0.49971135729083727,0.5002886427091627,1627.51036984197,1644.72097335864,1596.53973273016,1648.33296929024,Matthew Stafford,Tom Brady,175.60738504421045,228.18888307229255,7.058662646124535,14.826273516726213,0.5058360976181749,0.494163902381825,368.32432446201483,434.33717354447634,194.87907898599087,248.80371211951092,1620.19519153567,1624.67751048473,34,24,96,88,92
2021-09-26,2021,0,,SF,GB,1531.42446767728,1600.21469858767,0.49454563562676934,0.5054543643732307,1520.57687800228,1611.06228826267,1580.9734433009,1551.75066867924,Jimmy Garoppolo,Aaron Rodgers,144.20888762156315,236.2003083724627,4.426933832701374,-0.07272151743351855,0.6348254454804648,0.365174554519535,99.94178593247705,246.25515741641857,139.78217745265454,237.20579327685834,1566.38804075167,1566.33607122847,28,30,80,68,74
2021-09-27,2021,0,,DAL,PHI,1469.02646579724,1451.94325720754,0.6159774145911061,0.3840225854088939,1491.56870984542,1429.40101315936,1517.70489229968,1457.23448288989,Dak Prescott,Jalen Hurts,237.8719631526368,153.05847933980868,18.913087051066892,9.376351846501853,0.6791464579185339,0.320853542081466,190.25501666609821,176.71479851976224,233.11026850398292,155.42411125780404,1536.14968680659,1438.78968838298,41,21,49,90,70
2021-09-30,2021,0,,CIN,JAX,1460.85818860394,1293.57620376766,0.7920163540258279,0.20798364597417207,1466.07401823485,1288.36037413675,1468.9723236552,1323.26114685419,Joe Burrow,Trevor Lawrence,144.6528880006376,91.00362124170371,-0.49604782770344324,-15.921678988857828,0.7787938164442241,0.221206183555776,292.3975687602908,210.4919077163806,159.42735607660293,102.9524498891714,1474.55101524725,1317.68245526214,24,21,4,17,11
2021-10-03,2021,0,,BUF,HOU,1648.02759449283,1405.66446476028,0.8543736336928722,0.14562636630712777,1657.51761848894,1396.17444076417,1618.62978756105,1373.59486077813,Josh Allen,Davis Mills,257.9196119594265,81.09868229917706,15.833292027413856,-135.04737398959193,0.9324796572780943,0.0675203427219057,212.93431195730165,-219.03444705083666,253.42108195921406,51.08536936417569,1622.78351227025,1369.44113606893,40,0,10,3,7
2021-10-03,2021,0,,MIA,IND,1493.75216382808,1498.93044638375,0.5852495897241264,0.41475041027587356,1464.90028808203,1527.7823221298,1490.79423444274,1472.09865488078,Jacoby Brissett,Carson Wentz,131.8676849567903,106.60662171924699,-1.3586162322948594,-17.281969767054953,0.631635936721808,0.368364063278192,124.27717596085702,215.80360655466558,131.10863405719698,117.52632020278884,1459.15510626689,1503.73778305663,17,27,34,67,51
2021-10-03,2021,0,,NO,NYG,1633.71337155789,1375.02708301306,0.8656797377380059,0.13432026226199412,1594.2106279616,1414.52982660935,1590.52273963291,1394.56047211079,Jameis Winston,Daniel Jones,140.4016075276597,151.14119265851662,-18.42324616540914,10.916834331772385,0.7862927655010457,0.213707234498954,199.56623493356648,405.38975502549806,146.31807026825038,176.56604889521478,1556.41288068398,1428.67033105972,21,27,40,25,33
2021-10-03,2021,0,,CHI,DET,1467.76231090905,1356.94877451389,0.7334238967518478,0.2665761032481522,1479.60067658599,1345.11040883695,1448.69182747005,1338.89717884181,Justin Fields,Jared Goff,68.14544772163887,179.14470671422444,-39.9001191386975,7.118705644604727,0.6645029923384675,0.335497007661532,20.06012994448815,180.2032500440888,63.3369159439238,179.25056104721088,1463.95773438493,1323.63127192693,24,14,3,16,10
2021-10-03,2021,0,,MIN,CLE,1504.95494421393,1557.32381278325,0.5181696550426685,0.48183034495733146,1483.28043153346,1578.99832546372,1509.44219587577,1573.98921879968,Kirk Cousins,Baker Mayfield,236.4317801911999,164.7434037502783,24.4723508849391,-0.8193189813141465,0.5262559830840676,0.473744016915932,13.516945371194097,-41.64782717723925,214.14029670919933,144.10428065752654,1487.3726341831,1596.05878049235,7,14,74,71,73
2021-10-03,2021,0,,ATL,WSH,1443.76667586231,1439.24779993931,0.5987315834182038,0.40126841658179624,1423.86537885069,1459.14909695093,1427.5189884646,1469.36825787065,Matt Ryan,Taylor Heinicke,166.7508788324907,67.18040560583813,-4.318373715331167,-96.45920015378624,0.6499407523670011,0.350059247632999,311.11366200120324,318.8537848603681,181.18715714936195,92.34774353129113,1405.5234939978,1491.36375233745,30,34,7,31,19
2021-10-03,2021,0,,PHI,KC,1429.40101315936,1610.83229021851,0.3384448252609386,0.6615551747390613,1412.91180011419,1627.32150326368,1438.78968838298,1609.93749246701,Jalen Hurts,Patrick Mahomes,155.42411125780407,256.6251185491379,10.090350213174336,12.944424219360181,0.3404500619611861,0.659549938038814,321.9668919903321,383.9885568484185,172.07838933105688,269.3614623790659,1422.19164725565,1626.53553359434,30,42,64,58,61
2021-10-03,2021,0,,NYJ,TEN,1332.62282660555,1544.82119683984,0.29999074493028277,0.7000092550697172,1353.42290306418,1524.02112038121,1347.975721438,1527.58709093981,Zach Wilson,Ryan Tannehill,54.17359277479577,194.79135976321922,-29.758213881596973,-0.30908001810707403,0.2953798902410874,0.704620109758913,152.73856233214588,29.35701002194785,64.03008973053079,178.24792478909208,1368.95195411042,1506.61085826739,27,24,12,16,14
2021-10-03,2021,0,,DAL,CAR,1491.56870984542,1520.45684688885,0.5517828096657981,0.44821719033420193,1510.94729688647,1501.0782598478,1536.14968680659,1520.29909378619,Dak Prescott,Sam Darnold,233.11026850398306,138.06396474830717,15.58658537418675,0.5198967908039221,0.6262963457392676,0.373703654260732,340.470169857807,208.1053496093992,243.84625863936546,145.06810323441638,1551.92854935566,1504.52023123712,36,28,67,71,69
2021-10-03,2021,0,,LAR,ARI,1627.51036984197,1551.30714305151,0.692712468917145,0.307287531082855,1584.72001305086,1594.09749984262,1620.19519153567,1546.33054129938,Matthew Stafford,Kyler Murray,194.87907898599062,244.50847770780354,16.341576484708533,17.69379578837608,0.6774538668575898,0.32254613314241,234.36342384479673,295.10660588287857,198.8275134718712,249.56829052531103,1578.59568138209,1587.93005145296,20,37,89,70,80
2021-10-03,2021,0,,SF,SEA,1520.57687800228,1545.99558217321,0.5567169049377236,0.44328309506227637,1496.99948011116,1569.57298006433,1566.38804075167,1532.10597801592,Jimmy Garoppolo,Russell Wilson,139.78217745265454,199.38948591177692,1.9922320566119573,5.4851622463644425,0.6247081869164394,0.375291813083561,55.33849058452836,191.6686905612227,131.3378087658419,198.6174063767215,1539.31791429225,1559.17610447534,21,28,74,89,82
2021-10-03,2021,0,,GB,PIT,1611.06228826267,1483.37532414622,0.7519790652667512,0.24802093473324882,1621.99896421666,1472.43864819223,1566.33607122847,1462.95719110874,Aaron Rodgers,Ben Roethlisberger,237.20579327685834,185.32512322681893,0.43365701063586354,-8.18697676156206,0.7256704121387152,0.274329587861285,200.5130597096078,109.76098765147825,233.5365199201333,177.76870966928487,1578.5538685221,1450.73939381511,27,17,53,35,44
2021-10-03,2021,0,,DEN,BAL,1510.99051319521,1594.73273163072,0.47305391217320464,0.5269460878267953,1484.41169011572,1621.31155471021,1543.23782696814,1580.67527167463,Teddy Bridgewater,Lamar Jackson,175.18215358891004,206.96012039492194,17.51642000652654,0.2545565910848282,0.5585355478604256,0.441464452139574,-8.300680316683227,201.3855967956317,156.8338701983507,206.4026680349929,1510.98985708592,1612.92324155685,7,23,81,84,83
2021-10-03,2021,0,,NE,TB,1492.26265276656,1644.72097335864,0.37673011695832886,0.6232698830416712,1484.3015307561,1652.6820953691,1502.87181509751,1624.67751048473,Mac Jones,Tom Brady,110.11144833831779,248.80371211951098,-11.772291799827256,24.392374364499208,0.36216899288011606,0.637831007119884,152.5343992545374,118.42808777088035,114.35374342993974,235.7661496846479,1495.25456308406,1632.29476249818,17,19,79,50,65
2021-10-04,2021,0,,LAC,OAK,1528.10786933802,1539.97023450984,0.5758804745577539,0.42411952544224607,1550.53687044745,1517.54123340041,1551.48626906031,1522.14234031822,Justin Herbert,Derek Carr,204.61231653499792,207.16928378714204,11.302213389439169,11.72414179926297,0.6197375743543212,0.380262425645679,195.35603704999667,63.564261177012085,203.68668858649778,192.80878152612905,1571.31683698925,1502.31177238928,28,14,72,85,79
2021-10-07,2021,0,,SEA,LAR,1569.57298006433,1584.72001305086,0.5712558298998996,0.42874417010010035,1542.65571995445,1611.63727316074,1559.17610447534,1578.59568138209,Russell Wilson,Matthew Stafford,198.61740637672162,198.8275134718712,4.8248643665187885,17.49871490341326,0.5384508152333235,0.461549184766677,95.18756660435979,219.5178570709268,188.27442239948542,200.8965478317768,1534.07406799909,1603.69771785834,17,26,84,90,87
2021-10-10,2021,1,,ATL,NYJ,1423.86537885069,1353.42290306418,0.6000082508214416,0.3999917491785584,1439.98444665858,1337.30383525629,1405.5234939978,1368.95195411042,Matt Ryan,Zach Wilson,181.18715714936198,64.03008973053065,3.1156841288710573,-23.34205470964983,0.5897242823925914,0.410275717607409,340.03545053647616,-44.94261336702522,197.07198648807343,53.13281942077507,1422.11115049224,1352.36429761598,27,20,3,11,7
2021-10-10,2021,0,,JAX,TEN,1288.36037413675,1524.02112038121,0.27241538971407664,0.7275846102859234,1273.47302186424,1538.90847265372,1317.68245526214,1506.61085826739,Trevor Lawrence,Ryan Tannehill,102.9524498891714,178.24792478909194,-9.15118071568106,-8.565343504265472,0.3180424518394685,0.681957548160532,202.48792523116344,67.8639813379011,112.90599742337061,167.20953044397285,1300.01731791873,1524.2759956108,19,37,7,37,22
2021-10-10,2021,0,,HOU,NE,1396.17444076417,1484.3015307561,0.46676651250983975,0.5332334874901603,1383.36755507812,1497.10841644215,1369.44113606893,1495.25456308406,Davis Mills,Mac Jones,51.08536936417563,114.35374342993985,-143.30166175761312,-9.06252966402498,0.24164478169760262,0.758355218302397,296.6129743979612,133.9438873750616,75.6381298675542,116.31275782445205,1363.29625355944,1501.39944559355,22,25,1,18,10
2021-10-10,2021,0,,CAR,PHI,1501.0782598478,1412.91180011419,0.7071737613084563,0.29282623869154367,1480.00402833493,1433.98603162706,1504.52023123712,1422.19164725565,Sam Darnold,Jalen Hurts,145.06810323441644,172.07838933105677,3.9959711943185203,17.91297173914181,0.6727725697927248,0.327227430207275,-97.24457997837759,155.11295238054166,120.83683491313704,170.38184563600527,1484.74134988741,1441.97052860536,18,21,34,65,50
2021-10-10,2021,0,,MIN,DET,1483.28043153346,1345.11040883695,0.7630619785521667,0.23693802144783327,1488.04635856338,1340.34448180703,1487.3726341831,1323.63127192693,Kirk Cousins,Jared Goff,214.1402967091994,179.2505610472107,12.102991599692057,6.815697528867477,0.7861873455715316,0.213812654428468,126.27341446288867,-28.70914480275237,205.35360848456833,158.45459046221438,1491.63258379903,1319.371322311,19,17,10,12,11
2021-10-10,2021,0,,CIN,GB,1466.07401823485,1621.99896421666,0.3720561277822986,0.6279438722177014,1456.1678492151,1631.90513323641,1474.55101524725,1578.5538685221,Joe Burrow,Aaron Rodgers,159.42735607660288,233.53651992013332,6.915988601664459,-1.4226625182583816,0.44410953625762506,0.555890463742375,134.26922928452944,220.39360334618647,156.91154339739555,232.22222826273867,1462.45216207571,1590.65272169364,22,25,63,61,62
2021-10-10,2021,0,,PIT,DEN,1472.43864819223,1484.41169011572,0.5757248587527841,0.4242751412472159,1490.64438764893,1466.20595065902,1450.73939381511,1510.98985708592,Ben Roethlisberger,Teddy Bridgewater,177.768709669285,156.8338701983506,-11.555834702250968,7.466457310920307,0.4726918030279743,0.527308196972026,213.7226079714752,211.57369773975233,181.36409949950402,162.3078529524908,1474.11349406882,1487.61575683221,27,19,36,57,47
2021-10-10,2021,0,,WSH,NO,1459.14909695093,1594.2106279616,0.40051815545094815,0.5994818445490518,1439.85842600356,1613.50129890897,1491.36375233745,1556.41288068398,Taylor Heinicke,Jameis Winston,92.34774353129126,146.31807026825044,-79.05257118337029,-14.54385248684345,0.3996892226930777,0.600310777306922,34.62655828984902,192.5642699167681,86.57562500714704,150.9426902331022,1472.1180927402,1575.65854028123,22,33,35,81,58
2021-10-10,2021,0,,TB,MIA,1652.6820953691,1464.90028808203,0.8107865454127636,0.18921345458723637,1664.11159051926,1453.47079293187,1632.29476249818,1459.15510626689,Tom Brady,Jacoby Brissett,235.76614968464776,131.10863405719695,16.653974428842613,-1.6702108704768206,0.8058560875876565,0.194143912412344,477.8897172425573,143.22397030743548,259.9785064404387,132.32016768222078,1644.04857532749,1447.40129343758,45,17,72,22,47
2021-10-10,2021,0,,OAK,CHI,1517.54123340041,1479.60067658599,0.6439554031685215,0.3560445968314785,1483.96686858075,1513.17504140565,1502.31177238928,1463.95773438493,Derek Carr,Justin Fields,192.8087815261291,63.33691594392393,3.9576835787933367,-40.30937907061988,0.6958028619825743,0.304197138017426,24.96937855750932,17.584526213121812,176.02484122926714,58.761676970843716,1465.31453123762,1500.95497553659,9,20,30,47,39
2021-10-10,2021,0,,LAC,CLE,1550.53687044745,1578.99832546372,0.552390190761222,0.447609809238778,1566.31500273359,1563.22019317758,1571.31683698925,1596.05878049235,Justin Herbert,Baker Mayfield,203.6866885864978,144.10428065752654,10.274288745717131,-11.097914578624492,0.5852881354077233,0.414711864592277,451.37738911825886,313.1323391337864,228.45575863967392,161.00708650515253,1585.7845326885,1581.5910847931,47,42,85,69,77
2021-10-10,2021,0,,ARI,SF,1594.09749984262,1496.99948011116,0.7177060559596827,0.28229394404031727,1605.03210330494,1486.06487664884,1587.93005145296,1539.31791429225,Kyler Murray,Trey Lance,249.56829052531097,111.99474000000001,19.339012407710786,-21.672632655466966,0.6999825630478503,0.30001743695215,138.8215470487867,96.2215436681819,238.49361617765854,110.41742036681818,1599.62505019173,1527.62291555348,17,10,78,70,74
2021-10-10,2021,0,,DAL,NYG,1510.94729688647,1414.52982660935,0.7169116663388293,0.2830883336611707,1527.92606197978,1397.55106151604,1551.92854935566,1428.67033105972,Dak Prescott,Daniel Jones,243.84625863936554,176.56604889521498,20.175251173168718,23.083420733533057,0.739104225706975,0.260895774293025,223.21421420251303,8.90637314455416,241.78305419568028,159.8000813201489,1567.448259948,1413.15062046738,44,20,53,53,53
2021-10-10,2021,0,,KC,BUF,1627.32150326368,1657.51761848894,0.5499199498280304,0.4500800501719696,1594.41683847623,1690.42228327639,1626.53553359434,1622.78351227025,Patrick Mahomes,Josh Allen,269.36146237906587,253.42108195921406,18.66537492335605,12.792362425936835,0.5967111982687788,0.403288801731221,236.39356631733017,400.21483840643907,266.0646727728923,268.10045760393655,1590.27415726009,1659.0448886045,20,38,97,72,85
2021-10-11,2021,0,,BAL,IND,1621.31155471021,1527.7823221298,0.7135252896090994,0.28647471039090056,1631.71124690086,1517.38262993915,1612.92324155685,1503.73778305663,Lamar Jackson,Carson Wentz,206.40266803499276,117.52632020278874,-0.03689741843403666,-10.958022036931528,0.7349212832532885,0.265078716746711,567.489608178438,343.8606447147762,242.5113620493373,140.15975265398748,1622.47084544124,1494.19017917224,31,25,73,56,65
2021-10-14,2021,0,,PHI,TB,1433.98603162706,1664.11159051926,0.27877641232079325,0.7212235876792068,1423.89403067068,1674.20359147564,1441.97052860536,1644.04857532749,Jalen Hurts,Tom Brady,170.3818456360053,259.9785064404386,16.169051304658907,27.92745408529592,0.29048444762495473,0.709515552375045,94.44906280768859,301.60394003616625,162.78856735317365,264.14104980001133,1431.41007858866,1654.60902534419,22,28,76,54,65
2021-10-17,2021,1,,JAX,MIA,1273.47302186424,1453.47079293187,0.2618934477067103,0.7381065522932897,1295.76123977536,1431.18257502075,1300.01731791873,1447.40129343758,Trevor Lawrence,Tua Tagovailoa,112.90599742337058,110.05625557719111,-3.7168479127975713,-23.244845619470638,0.32387985259526336,0.676120147404737,183.36152239605454,281.90707328663086,119.95154992063897,127.24133734813508,1319.92002142824,1427.49858992807,23,20,1,11,6
2021-10-17,2021,0,,BAL,LAC,1631.71124690086,1566.31500273359,0.679314023050246,0.320685976949754,1652.09969390738,1545.92655572707,1622.47084544124,1585.7845326885,Lamar Jackson,Justin Herbert,242.51136204933758,228.45575863967406,18.019294459660227,22.14510933501933,0.6358878238572964,0.364112176142704,81.2920131927222,62.30390349466206,226.38942716367603,211.84057312517285,1645.9582474756,1562.29713065414,34,6,94,89,92
2021-10-17,2021,0,,IND,HOU,1517.38262993915,1383.36755507812,0.758710506831473,0.241289493168527,1532.28445234032,1368.46573267695,1494.19017917224,1363.29625355944,Carson Wentz,Davis Mills,140.1597526539873,75.63812986755433,0.9065952905143128,-123.86019841804323,0.8591662336179313,0.140833766382069,105.76298402193346,6.46141878514242,136.72007579078195,68.72045875931313,1502.48963991934,1354.99679281234,31,3,1,16,9
2021-10-17,2021,0,,WSH,KC,1439.85842600356,1594.41683847623,0.37389579957227964,0.6261042004277204,1418.70142565885,1615.57383882094,1472.1180927402,1590.27415726009,Taylor Heinicke,Patrick Mahomes,86.57562500714687,266.0646727728924,-77.98600188627401,16.08371137410147,0.2924981823568578,0.707501817643142,65.3503875017433,226.13234743655457,84.4531012566065,262.07144023925866,1456.01627331305,1606.37597668724,13,31,45,49,47
2021-10-17,2021,0,,NYG,LAR,1397.55106151604,1611.63727316074,0.2977136263903717,0.7022863736096283,1378.96941981981,1630.21891485697,1413.15062046738,1603.69771785834,Daniel Jones,Matthew Stafford,159.80008132014893,200.89654783177681,13.546265909323289,17.658296338195257,0.32136961925168317,0.678630380748317,-101.66552071023314,264.4897945080125,133.65352111711073,207.2558724994004,1392.92690614393,1623.92143218179,11,38,57,25,41
2021-10-17,2021,0,,DET,CIN,1340.34448180703,1456.1678492151,0.4273765622858174,0.5726234377141826,1313.79333942092,1482.71899160121,1319.371322311,1462.45216207571,Jared Goff,Joe Burrow,158.4545904622144,156.91154339739546,-3.923072640073956,5.312282831977442,0.3647669849789734,0.635233015021027,64.14021419450205,179.98603475536925,149.0231528354432,159.21899253319285,1297.15929754833,1484.66418683838,11,34,5,23,14
2021-10-17,2021,0,,CHI,GB,1513.17504140565,1631.90513323641,0.4232867644788398,0.5767132355211602,1493.35905600816,1651.7211186339,1500.95497553659,1590.65272169364,Justin Fields,Aaron Rodgers,58.76167697084388,232.22222826273867,-40.581529603628965,-2.008675221042908,0.3971044539660715,0.602895546033928,57.89205883592802,227.29720064525893,58.6747151573523,231.7297255009907,1482.5185348929,1609.08916233733,14,24,60,80,70
2021-10-17,2021,0,,CAR,MIN,1480.00402833493,1488.04635856338,0.5812421697561027,0.41875783024389734,1456.78191044474,1511.26847645357,1484.74134988741,1491.63258379903,Sam Darnold,Kirk Cousins,120.83683491313697,205.35360848456816,-8.319461526037204,7.10449790739182,0.5522504454339056,0.447749554566094,8.6626034530101,429.1435957771413,109.61941176712428,227.73260721382547,1462.88675984798,1513.48717383846,28,34,42,74,58
2021-10-17,2021,0,,CLE,ARI,1563.22019317758,1605.03210330494,0.5333208845287201,0.46667911547127994,1528.96064655906,1639.29164992346,1581.5910847931,1599.62505019173,Baker Mayfield,Kyler Murray,161.00708650515259,238.49361617765868,-2.0916159258802542,12.834724613499038,0.5417206837373988,0.458279316262601,65.30675750039792,233.41481067797145,151.43705360467712,237.98573562768996,1546.69785780377,1634.51827718106,14,37,88,68,78
2021-10-17,2021,0,,DEN,OAK,1466.20595065902,1483.96686858075,0.567566659463337,0.43243334053666305,1438.38935591811,1511.78346332166,1487.61575683221,1465.31453123762,Teddy Bridgewater,Derek Carr,162.30785295249095,176.02484122926714,9.830125822444614,-4.632170748577345,0.6323368127773263,0.367663187222674,111.3815909180908,261.08276858852656,157.21522674905094,184.5306339651931,1455.93364710188,1496.99664096795,24,34,37,89,63
2021-10-17,2021,0,,NE,DAL,1497.10841644215,1527.92606197978,0.5490342544863254,0.45096574551367463,1475.40375514338,1549.63072327855,1501.39944559355,1567.448259948,Mac Jones,Dak Prescott,116.31275782445219,241.78305419568034,-7.629895983567339,18.13488639266765,0.4560634696363718,0.543936530363628,119.96734550295132,451.69861669368805,116.67821659230208,262.77461044548113,1483.89383505187,1584.95387048968,29,35,68,50,59
2021-10-17,2021,0,,PIT,SEA,1490.64438764893,1542.65571995445,0.518683492222232,0.481316507777768,1503.91098964153,1529.38911796185,1474.11349406882,1534.07406799909,Ben Roethlisberger,Geno Smith,181.3640994995039,126.16353737163,-9.180348052029013,-62.69875586828072,0.5814325514673518,0.418567448532648,192.66825523300542,94.3713038683899,182.49451507285406,122.98431402130599,1485.42509364645,1522.76246842146,23,20,32,54,43
2021-10-18,2021,0,,TEN,BUF,1538.90847265372,1690.42228327639,0.37800761083488077,0.6219923891651192,1556.8596852181,1672.47107071201,1524.2759956108,1659.0448886045,Ryan Tannehill,Josh Allen,167.20953044397294,268.10045760393683,-13.656273501611746,19.49243212700154,0.34623550505219247,0.653764494947808,178.01017901708877,282.4198199852304,168.2895953012845,269.53239384206614,1543.36004091369,1639.96084330161,34,31,87,73,80
2021-10-21,2021,0,,CLE,DEN,1528.96064655906,1438.38935591811,0.7100321790062817,0.2899678209937183,1536.46929352588,1430.88070895129,1546.69785780377,1455.93364710188,Case Keenum,Teddy Bridgewater,121.111472549791,157.21522674905088,-37.09763263471024,6.792306429602409,0.6490075135881526,0.350992486411847,152.9549211747252,107.86036115969796,124.29581741228444,152.27974019011558,1555.9789616521,1446.65254325355,17,14,41,85,63
2021-10-24,2021,0,,BAL,CIN,1652.09969390738,1482.71899160121,0.793999425167075,0.206000574832925,1594.88893873437,1539.92974677422,1645.9582474756,1484.66418683838,Lamar Jackson,Joe Burrow,226.38942716367615,159.21899253319287,9.05736229384671,6.200393258277233,0.7809618210005091,0.219038178999491,163.199494500402,313.254999335554,220.07043389734872,174.62259321342898,1590.07177811818,1540.5506561958,17,41,80,59,70
2021-10-24,2021,0,,MIA,ATL,1431.18257502075,1439.98444665858,0.5801775836057483,0.41982241639425166,1418.10059660603,1453.0664250733,1427.49858992807,1422.11115049224,Tua Tagovailoa,Matt Ryan,127.24133734813512,197.0719864880735,-13.49006245302506,10.902314591783341,0.5192348433790565,0.480765156620944,300.80080831695113,192.30973729187681,144.5972844450167,196.59576156845384,1416.02006400732,1433.58967641299,28,30,14,19,17
2021-10-24,2021,0,,GB,WSH,1651.7211186339,1418.70142565885,0.8475533716817379,0.15244662831826206,1658.99274160788,1411.42980268487,1609.08916233733,1456.01627331305,Aaron Rodgers,Taylor Heinicke,231.72972550099084,84.45310125660639,-2.1544928408645347,-75.14796366723061,0.8367094881059054,0.163290511894095,273.86202108035195,250.6537469097565,235.94295505892694,101.07316582192139,1616.92248038313,1448.18295526725,24,10,41,16,29
2021-10-24,2021,0,,TEN,KC,1556.8596852181,1615.57383882094,0.5090450732610667,0.49095492673893326,1588.37609533507,1584.05742870397,1543.36004091369,1606.37597668724,Ryan Tannehill,Patrick Mahomes,168.2895953012845,262.07144023925866,-12.43342739787521,13.28290953857968,0.45427227217278093,0.545727727827219,209.22915914228096,-0.02487999840611224,172.3835516853841,235.86180821549215,1579.00896136193,1570.727056239,27,3,82,57,70
2021-10-24,2021,0,,NYG,CAR,1378.96941981981,1456.78191044474,0.4815696977226892,0.5184303022773108,1411.67057100879,1424.08075925576,1392.92690614393,1462.88675984798,Daniel Jones,Sam Darnold,133.6535211171108,109.61941176712415,-0.20432748766187173,-13.512200022741755,0.5006972634904682,0.499302736509532,164.77270700390775,-103.1884042017632,136.76543970579053,88.33863017023542,1424.23122880225,1431.58243718966,25,3,13,18,16
2021-10-24,2021,0,,NE,NYJ,1475.40375514338,1337.30383525629,0.762989010661461,0.23701098933853904,1491.62373240509,1321.08385799458,1483.89383505187,1352.36429761598,Mac Jones,Zach Wilson,116.67821659230198,53.132819420774936,-7.065671800464074,-27.62358712904538,0.741179169557724,0.258820830442276,269.20996902527673,34.069976874628864,131.93139183559944,51.22653516616032,1501.75750821187,1334.50062445598,54,13,7,18,13
2021-10-24,2021,0,,OAK,PHI,1511.78346332166,1423.89403067068,0.706843424120965,0.293156575879035,1525.40609065288,1410.27140333946,1496.99664096795,1431.41007858866,Derek Carr,Jalen Hurts,184.53063396519312,162.78856735317362,-0.1476658431854119,11.563959598010156,0.6630474099170831,0.336952590082917,340.2800340499824,194.8788023878113,200.10557397367202,165.99759085663737,1512.89289837903,1415.51382117758,33,22,33,57,45
2021-10-24,2021,0,,LAR,DET,1630.21891485697,1313.79333942092,0.8998592900457837,0.10014070995421631,1634.14915803656,1309.86309624133,1623.92143218179,1297.15929754833,Matthew Stafford,Jared Goff,207.25587249940054,149.02315283544314,19.95504385509757,-8.442637821455977,0.9173504862876654,0.0826495137123346,283.48302403322583,93.79404634090359,214.8785876527831,143.50024218598918,1627.11973405003,1293.96099568009,28,19,21,2,12
2021-10-24,2021,0,,ARI,HOU,1639.29164992346,1368.46573267695,0.873599807196198,0.126400192803802,1646.52012493395,1361.23725766646,1634.51827718106,1354.99679281234,Kyler Murray,Davis Mills,237.98573562769002,68.72045875931313,11.939048107839922,-121.12602405126167,0.9379221494617983,0.0620778505382017,126.51112583646173,70.58771064100304,226.8382746485672,68.90718394748211,1637.88780197842,1351.62726801498,31,5,10,3,7
2021-10-24,2021,0,,TB,CHI,1674.20359147564,1493.35905600816,0.8045840239484078,0.19541597605159222,1686.80135924041,1480.76128824339,1654.60902534419,1482.5185348929,Tom Brady,Justin Fields,264.14104980001133,58.67471515735236,28.612353060817373,-38.595934030193085,0.8477692688431093,0.152230731156891,265.72863162862103,-71.01709931707083,264.2998079828723,45.705533709910036,1664.21670167925,1472.91085855784,38,3,75,21,48
2021-10-24,2021,0,,SF,IND,1486.06487664884,1532.28445234032,0.5270009104828831,0.4729990895171169,1458.79749416304,1559.55183482612,1527.62291555348,1502.48963991934,Jimmy Garoppolo,Carson Wentz,131.33780876584203,136.72007579078212,-0.4572724402606809,-0.85857290561394,0.6575328168339911,0.342467183166009,-42.0753611384898,228.86676071197223,113.99649177540883,145.9347442829011,1492.0603631737,1538.05219229912,18,30,56,66,61
2021-10-25,2021,0,,SEA,NO,1529.38911796185,1613.50129890897,0.4725230703238612,0.5274769296761388,,,,,Geno Smith,Jameis Winston,122.98431402130599,150.94269023310213,-61.153429750028884,-11.504349880075484,0.4087249105234962,0.5912750894765038,,,"","",,,,,54,94,74
2021-10-28,2021,0,,ARI,GB,1646.52012493395,1658.99274160788,0.575022250846355,0.42497774915364495,,,,,Kyler Murray,Aaron Rodgers,226.8382746485671,235.94295505892694,5.768365212886337,0.059846580146795246,0.6235474243218755,0.3764525756781245,,,"","",,,,,95,84,90
2021-10-31,2021,0,,ATL,CAR,1453.0664250733,1424.08075925576,0.6320508225969078,0.3679491774030922,,,,,Matt Ryan,Sam Darnold,196.59576156845392,88.33863017023539,10.11908640238451,-23.47698082004914,0.6287284765260455,0.37127152347395453,,,"","",,,,,15,33,24
2021-10-31,2021,0,,CLE,PIT,1536.46929352588,1503.91098964153,0.6368205269983856,0.36317947300161435,,,,,"",Ben Roethlisberger,125.92429158382821,182.49451507285414,-32.02210440018413,-8.156122862752255,0.6092322883646013,0.3907677116353987,,,"","",,,,,49,89,69
2021-10-31,2021,0,,CHI,SF,1480.76128824339,1458.79749416304,0.6226012252759215,0.37739877472407846,,,,,Justin Fields,Jimmy Garoppolo,45.70553370991014,113.99649177540888,-43.15072805240438,-9.105067313464302,0.5132856019648019,0.4867143980351981,,,"","",,,,,26,49,38
2021-10-31,2021,0,,NYJ,CIN,1321.08385799458,1539.92974677422,0.2920169869851659,0.7079830130148341,,,,,"",Joe Burrow,38.131133274924025,174.6225932134289,-40.29095179113675,13.592173935481346,0.23745861058977508,0.7625413894102249,,,"","",,,,,11,17,14
2021-10-31,2021,0,,BUF,MIA,1672.47107071201,1418.10059660603,0.8627646055749313,0.1372353944250687,,,,,Josh Allen,Tua Tagovailoa,269.53239384206614,144.59728444501658,19.233778639716277,-4.137585781933227,0.8711325413903944,0.12886745860960558,,,"","",,,,,62,11,37
2021-10-31,2021,0,,IND,TEN,1559.55183482612,1588.37609533507,0.5518737476754418,0.44812625232455816,,,,,Carson Wentz,Ryan Tannehill,145.93474428290108,172.38355168538425,3.7916899857262854,-9.764777835931488,0.5410699511637611,0.4589300488362389,,,"","",,,,,75,90,83
2021-10-31,2021,0,,DET,PHI,1309.86309624133,1410.27140333946,0.44921903745011915,0.5507809625498808,,,,,Jared Goff,Jalen Hurts,143.50024218598926,165.99759085663743,-10.781961255110094,12.590273369841416,0.3757949294334821,0.6242050705665179,,,"","",,,,,1,10,6
2021-10-31,2021,0,,HOU,LAR,1361.23725766646,1634.14915803656,0.2320383555516759,0.7679616444483242,,,,,"",Matthew Stafford,90.54304754422257,214.8785876527831,-93.3404966578735,22.76864923903381,0.12943752965650004,0.8705624703435,,,"","",,,,,15,4,10
2021-10-31,2021,0,,SEA,JAX,1529.38911796185,1295.76123977536,0.8480051733898859,0.1519948266101141,,,,,Geno Smith,Trevor Lawrence,122.98431402130599,119.95154992063914,-61.153429750028884,-0.008229268523177779,0.7397950410740783,0.26020495892592166,,,"","",,,,,5,15,10
2021-10-31,2021,0,,LAC,NE,1545.92655572707,1491.62373240509,0.665246287939938,0.334753712060062,,,,,Justin Herbert,Mac Jones,211.84057312517285,131.9313918355996,12.73026111101779,0.9141994112080538,0.7184365512911979,0.2815634487088021,,,"","",,,,,68,62,65
2021-10-31,2021,0,,DEN,WSH,1430.88070895129,1411.42980268487,0.6191963394004898,0.3808036605995102,,,,,Teddy Bridgewater,Taylor Heinicke,152.27974019011543,101.07316582192136,3.9849478286544215,-63.08053320121179,0.6744600931505635,0.32553990684943646,,,"","",,,,,12,24,18
2021-10-31,2021,0,,NO,TB,1613.50129890897,1686.80135924041,0.4880575248081417,0.5119424751918583,,,,,Jameis Winston,Tom Brady,150.94269023310213,264.2998079828723,-11.504349880075484,27.261114499207036,0.40003665875674704,0.599963341243253,,,"","",,,,,95,81,88
2021-10-31,2021,0,,MIN,DAL,1511.26847645357,1549.63072327855,0.5382598709436308,0.4617401290563692,,,,,Kirk Cousins,"",227.73260721382542,254.89137213211683,17.93877237665105,19.84068188457037,0.4785882085302339,0.521411791469766,,,"","",,,,,80,60,70
2021-11-01,2021,0,,KC,NYG,1584.05742870397,1411.67057100879,0.7968154795809319,0.2031845204190681,,,,,Patrick Mahomes,Daniel Jones,235.86180821549212,136.76543970579039,-0.4860519502327591,1.3618481810610645,0.7639195761208578,0.2360804238791422,,,"","",,,,,46,29,38
2021-11-04,2021,0,,IND,NYJ,1559.55183482612,1321.08385799458,0.8515616399553675,0.1484383600446325,,,,,Carson Wentz,"",145.93474428290108,38.131133274924025,3.7916899857262854,-40.29095179113675,0.8528173295795476,0.1471826704204524,,,"","",,,,,9,15,12
2021-11-07,2021,0,,JAX,BUF,1295.76123977536,1672.47107071201,0.14254071420924808,0.8574592857907519,,,,,Trevor Lawrence,Josh Allen,119.95154992063914,269.53239384206614,-0.008229268523177779,19.233778639716277,0.1657150340339041,0.8342849659660959,,,"","",,,,,33,10,22
2021-11-07,2021,0,,NO,ATL,1613.50129890897,1453.0664250733,0.7854488977752181,0.2145511022247819,,,,,Jameis Winston,Matt Ryan,150.94269023310213,196.59576156845392,-11.504349880075484,10.11908640238451,0.7349200855291854,0.2650799144708146,,,"","",,,,,49,81,65
2021-11-07,2021,0,,CAR,NE,1424.08075925576,1491.62373240509,0.4963404328084831,0.5036595671915169,,,,,Sam Darnold,Mac Jones,88.33863017023539,131.9313918355996,-23.47698082004914,0.9141994112080538,0.44729609830015565,0.5527039016998443,,,"","",,,,,25,37,31
2021-11-07,2021,0,,NYG,OAK,1411.67057100879,1525.40609065288,0.4303203626007623,0.5696796373992377,,,,,Daniel Jones,Derek Carr,136.76543970579039,200.10557397367216,1.3618481810610645,7.647187453213432,0.4200618768506912,0.5799381231493088,,,"","",,,,,33,41,37
2021-11-07,2021,0,,MIA,HOU,1418.10059660603,1361.23725766646,0.6685206495614234,0.33147935043857657,,,,,Tua Tagovailoa,"",144.59728444501658,127.84626064205128,-4.137585781933227,-56.0372835600448,0.732667655456597,0.26733234454340304,,,"","",,,,,1,2,2
2021-11-07,2021,0,,DAL,DEN,1549.63072327855,1430.88070895129,0.7422603536032457,0.2577396463967543,,,,,Dak Prescott,Teddy Bridgewater,262.7746104454812,152.27974019011543,27.72392019793474,3.9849478286544215,0.779793953161267,0.22020604683873302,,,"","",,,,,62,19,41
2021-11-07,2021,0,,BAL,MIN,1594.88893873437,1511.26847645357,0.7017255112910243,0.29827448870897566,,,,,Lamar Jackson,Kirk Cousins,220.07043389734886,227.73260721382542,5.444997545990641,17.93877237665105,0.7007860165825328,0.2992139834174672,,,"","",,,,,78,58,68
2021-11-07,2021,0,,CIN,CLE,1539.92974677422,1536.46929352588,0.5972669060787377,0.40273309392126233,,,,,Joe Burrow,"",174.6225932134289,131.62395118423055,13.592173935481346,-26.322444799781785,0.6136549360144375,0.38634506398556245,,,"","",,,,,69,91,80
2021-11-07,2021,0,,PHI,LAC,1410.27140333946,1545.92655572707,0.39969796362288407,0.6003020363771159,,,,,Jalen Hurts,Justin Herbert,165.99759085663743,211.84057312517285,12.590273369841416,12.73026111101779,0.3836885469430393,0.6163114530569607,,,"","",,,,,48,43,46
2021-11-07,2021,0,,SF,ARI,1458.79749416304,1646.52012493395,0.33038412144732227,0.6696158785526778,,,,,Jimmy Garoppolo,Kyler Murray,113.99649177540888,226.8382746485671,-9.105067313464302,5.768365212886337,0.35577037588559957,0.6442296241144004,,,"","",,,,,77,60,69
2021-11-07,2021,0,,KC,GB,1584.05742870397,1658.99274160788,0.4857058314686939,0.514294168531306,,,,,Patrick Mahomes,Aaron Rodgers,235.86180821549212,235.94295505892694,-0.4860519502327591,0.059846580146795246,0.5147686007735964,0.48523139922640357,,,"","",,,,,88,57,73
2021-11-07,2021,0,,LAR,TEN,1634.14915803656,1588.37609533507,0.6542245368768783,0.3457754631231217,,,,,Matthew Stafford,Ryan Tannehill,214.8785876527831,172.38355168538425,22.76864923903381,-9.764777835931488,0.6946513179667217,0.30534868203327825,,,"","",,,,,92,35,64
2021-11-08,2021,0,,PIT,CHI,1503.91098964153,1480.76128824339,0.624203923980071,0.37579607601992904,,,,,Ben Roethlisberger,Justin Fields,182.49451507285414,45.70553370991014,-8.156122862752255,-43.15072805240438,0.6455360848082986,0.3544639151917014,,,"","",,,,,25,38,32
2021-11-11,2021,0,,MIA,BAL,1418.10059660603,1594.88893873437,0.34445456363417215,0.6555454363658278,,,,,Tua Tagovailoa,Lamar Jackson,144.59728444501658,220.07043389734886,-4.137585781933227,5.444997545990641,0.3276745913331975,0.6723254086668025,,,"","",,,,,48,30,39
2021-11-14,2021,0,,WSH,TB,1411.42980268487,1686.80135924041,0.22952486320358992,0.7704751367964101,,,,,Ryan Fitzpatrick,Tom Brady,171.22720289055349,264.2998079828723,7.0735038674203246,27.261114499207036,0.26420052145762724,0.7357994785423727,,,"","",,,,,79,35,57
2021-11-14,2021,0,,PIT,DET,1503.91098964153,1309.86309624133,0.8162582493514434,0.18374175064855658,,,,,Ben Roethlisberger,Jared Goff,182.49451507285414,143.50024218598926,-8.156122862752255,-10.781961255110094,0.7849377021874959,0.21506229781250408,,,"","",,,,,3,8,6
2021-11-14,2021,0,,IND,JAX,1559.55183482612,1295.76123977536,0.8690597544823754,0.13094024551762462,,,,,Carson Wentz,Trevor Lawrence,145.93474428290108,119.95154992063914,3.7916899857262854,-0.008229268523177779,0.8334515919015497,0.16654840809845028,,,"","",,,,,14,19,17
2021-11-14,2021,0,,DAL,ATL,1549.63072327855,1453.0664250733,0.717083169586092,0.282916830413908,,,,,Dak Prescott,Matt Ryan,262.7746104454812,196.59576156845392,27.72392019793474,10.11908640238451,0.7868831823296247,0.21311681767037527,,,"","",,,,,61,26,44
2021-11-14,2021,0,,NYJ,BUF,1321.08385799458,1672.47107071201,0.16130132195483865,0.8386986780451613,,,,,"",Josh Allen,38.131133274924025,269.53239384206614,-40.29095179113675,19.233778639716277,0.14454880137197026,0.8554511986280298,,,"","",,,,,25,9,17
2021-11-14,2021,0,,NE,CLE,1491.62373240509,1536.46929352588,0.5289720787681561,0.4710279212318439,,,,,Mac Jones,"",131.9313918355996,137.3236107846329,0.9141994112080538,-20.622785199379432,0.5351608830305922,0.46483911696940783,,,"","",,,,,58,92,75
2021-11-14,2021,0,,TEN,NO,1588.37609533507,1613.50129890897,0.5571338113236747,0.4428661886763253,,,,,Ryan Tannehill,Jameis Winston,172.38355168538425,150.94269023310213,-9.764777835931488,-11.504349880075484,0.5882521682797661,0.4117478317202339,,,"","",,,,,80,60,70
2021-11-14,2021,0,,LAC,MIN,1545.92655572707,1511.26847645357,0.6396114250336037,0.3603885749663963,,,,,Justin Herbert,Kirk Cousins,211.84057312517285,227.73260721382542,12.73026111101779,17.93877237665105,0.6463119192628947,0.35368808073710534,,,"","",,,,,74,63,69
2021-11-14,2021,0,,ARI,CAR,1646.52012493395,1424.08075925576,0.8395163651423403,0.1604836348576597,,,,,Kyler Murray,Sam Darnold,226.8382746485671,88.33863017023539,5.768365212886337,-23.47698082004914,0.8473221340407758,0.15267786595922417,,,"","",,,,,57,18,38
2021-11-14,2021,0,,GB,SEA,1658.99274160788,1529.38911796185,0.7540310997142583,0.2459689002857417,,,,,Aaron Rodgers,"",235.94295505892694,146.48875303745066,0.059846580146795246,-37.64899073388421,0.7250556342572985,0.27494436574270154,,,"","",,,,,72,45,59
2021-11-14,2021,0,,DEN,PHI,1430.88070895129,1410.27140333946,0.6207674140906894,0.37923258590931064,,,,,Teddy Bridgewater,Jalen Hurts,152.27974019011543,165.99759085663743,3.9849478286544215,12.590273369841416,0.6183768656668357,0.3816231343331643,,,"","",,,,,19,35,27
2021-11-14,2021,0,,OAK,KC,1525.40609065288,1584.05742870397,0.5091354422268541,0.49086455777314586,,,,,Derek Carr,Patrick Mahomes,200.10557397367216,235.86180821549212,7.647187453213432,-0.4860519502327591,0.5142450741257335,0.4857549258742665,,,"","",,,,,71,98,85
2021-11-15,2021,0,,SF,LAR,1458.79749416304,1634.14915803656,0.3463244125213277,0.6536755874786724,,,,,Jimmy Garoppolo,Matthew Stafford,113.99649177540888,214.8785876527831,-9.105067313464302,22.76864923903381,0.3460626175607879,0.6539373824392121,,,"","",,,,,78,46,62
2021-11-18,2021,0,,ATL,NE,1453.0664250733,1491.62373240509,0.5379807880091548,0.46201921199084517,,,,,Matt Ryan,Mac Jones,196.59576156845392,131.9313918355996,10.11908640238451,0.9141994112080538,0.49958098162776426,0.5004190183722357,,,"","",,,,,34,65,50
2021-11-21,2021,0,,CAR,WSH,1424.08075925576,1411.42980268487,0.6099244925670094,0.3900755074329906,,,,,Sam Darnold,Ryan Fitzpatrick,88.33863017023539,171.22720289055349,-23.47698082004914,7.0735038674203246,0.5132298711979417,0.4867701288020583,,,"","",,,,,17,18,18
2021-11-21,2021,0,,CLE,DET,1536.46929352588,1309.86309624133,0.8427217373518094,0.15727826264819056,,,,,"",Jared Goff,143.29468274695958,143.50024218598926,-14.65171323705275,-10.781961255110094,0.8587203521768549,0.14127964782314506,,,"","",,,,,7,10,9
2021-11-21,2021,0,,MIN,GB,1511.26847645357,1658.99274160788,0.3831500415184574,0.6168499584815426,,,,,Kirk Cousins,Aaron Rodgers,227.73260721382542,235.94295505892694,17.93877237665105,0.059846580146795246,0.4576091974186264,0.5423908025813736,,,"","",,,,,82,71,77
2021-11-21,2021,0,,TEN,HOU,1588.37609533507,1361.23725766646,0.8431277001328464,0.15687229986715356,,,,,Ryan Tannehill,Tyrod Taylor,172.38355168538425,143.5136101431394,-9.764777835931488,-40.36993405895668,0.8420105306461705,0.15798946935382951,,,"","",,,,,16,8,12
2021-11-21,2021,0,,BUF,IND,1672.47107071201,1559.55183482612,0.7357870723426847,0.2642129276573153,,,,,Josh Allen,Carson Wentz,269.53239384206614,145.93474428290108,19.233778639716277,3.7916899857262854,0.7314863229920788,0.26851367700792117,,,"","",,,,,89,65,77
2021-11-21,2021,0,,NYJ,MIA,1321.08385799458,1418.10059660603,0.4540541917230188,0.5459458082769812,,,,,"",Tua Tagovailoa,43.06116692809535,144.59728444501658,-35.36091813796542,-4.137585781933227,0.4237557850323179,0.5762442149676821,,,"","",,,,,1,3,2
2021-11-21,2021,0,,CHI,BAL,1480.76128824339,1594.88893873437,0.4297670879019759,0.5702329120980241,,,,,Justin Fields,Lamar Jackson,45.70553370991014,220.07043389734886,-43.15072805240438,5.444997545990641,0.38231271503842607,0.617687284961574,,,"","",,,,,52,46,49
2021-11-21,2021,0,,PHI,NO,1410.27140333946,1613.50129890897,0.310942815349557,0.689057184650443,,,,,Jalen Hurts,Jameis Winston,165.99759085663743,150.94269023310213,12.590273369841416,-11.504349880075484,0.3913801541974283,0.6086198458025718,,,"","",,,,,45,83,64
2021-11-21,2021,0,,JAX,SF,1295.76123977536,1458.79749416304,0.3625433908025391,0.6374566091974609,,,,,Trevor Lawrence,Jimmy Garoppolo,119.95154992063914,113.99649177540888,-0.008229268523177779,-9.105067313464302,0.3618536516432364,0.6381463483567635,,,"","",,,,,7,12,10
2021-11-21,2021,0,,OAK,CIN,1525.40609065288,1539.92974677422,0.5721344957572958,0.4278655042427042,,,,,Derek Carr,Joe Burrow,200.10557397367216,174.6225932134289,7.647187453213432,13.592173935481346,0.5045179144244095,0.4954820855755905,,,"","",,,,,68,88,78
2021-11-21,2021,0,,KC,DAL,1584.05742870397,1549.63072327855,0.639304354676836,0.360695645323164,,,,,Patrick Mahomes,Dak Prescott,235.86180821549212,262.7746104454812,-0.4860519502327591,27.72392019793474,0.520714017739987,0.47928598226001295,,,"","",,,,,87,59,73
2021-11-21,2021,0,,SEA,ARI,1529.38911796185,1646.52012493395,0.42553543347982486,0.5744645665201751,,,,,Russell Wilson,Kyler Murray,188.27442239948527,226.8382746485671,4.136678628150409,5.768365212886337,0.41822885231832685,0.5817711476816732,,,"","",,,,,85,85,85
2021-11-21,2021,0,,LAC,PIT,1545.92655572707,1503.91098964153,0.6493153510184759,0.35068464898152407,,,,,Justin Herbert,Ben Roethlisberger,211.84057312517285,182.49451507285414,12.73026111101779,-8.156122862752255,0.7168015709857302,0.28319842901426984,,,"","",,,,,61,61,61
2021-11-22,2021,0,,TB,NYG,1686.80135924041,1411.67057100879,0.876310946508496,0.12368905349150405,,,,,Tom Brady,Daniel Jones,264.2998079828723,136.76543970579039,27.261114499207036,1.3618481810610645,0.8489606625878383,0.1510393374121617,,,"","",,,,,72,15,44
2021-11-25,2021,0,,DET,CHI,1309.86309624133,1480.76128824339,0.3521506778477907,0.6478493221522093,,,,,Jared Goff,Justin Fields,143.50024218598926,45.70553370991014,-10.781961255110094,-43.15072805240438,0.37244803317949565,0.6275519668205043,,,"","",,,,,1,11,6
2021-11-25,2021,0,,DAL,OAK,1549.63072327855,1525.40609065288,0.6256542982255368,0.37434570177446325,,,,,Dak Prescott,Derek Carr,262.7746104454812,200.10557397367216,27.72392019793474,7.647187453213432,0.7050185069391902,0.2949814930608098,,,"","",,,,,79,38,59
2021-11-25,2021,0,,NO,BUF,1613.50129890897,1672.47107071201,0.5086773246568936,0.49132267534310636,,,,,Jameis Winston,Josh Allen,150.94269023310213,269.53239384206614,-11.504349880075484,19.233778639716277,0.44880423339185804,0.551195766608142,,,"","",,,,,92,74,83
2021-11-28,2021,0,,IND,TB,1559.55183482612,1686.80135924041,0.4113621745502984,0.5886378254497016,,,,,Carson Wentz,Tom Brady,145.93474428290108,264.2998079828723,3.7916899857262854,27.261114499207036,0.3715953332122628,0.6284046667877372,,,"","",,,,,93,70,82
2021-11-28,2021,0,,CIN,PIT,1539.92974677422,1503.91098964153,0.6414149467196616,0.3585850532803384,,,,,Joe Burrow,Ben Roethlisberger,174.6225932134289,182.49451507285414,13.592173935481346,-8.156122862752255,0.6824471149833747,0.31755288501662526,,,"","",,,,,56,71,64
2021-11-28,2021,0,,MIA,CAR,1418.10059660603,1424.08075925576,0.5841286991055433,0.4158713008944567,,,,,Tua Tagovailoa,Sam Darnold,144.59728444501658,88.33863017023539,-4.137585781933227,-23.47698082004914,0.5873770477510039,0.41262295224899614,,,"","",,,,,10,8,9
2021-11-28,2021,0,,NE,TEN,1491.62373240509,1588.37609533507,0.45443147252915794,0.5455685274708421,,,,,Mac Jones,Ryan Tannehill,131.9313918355996,172.38355168538425,0.9141994112080538,-9.764777835931488,0.4886760072445947,0.5113239927554053,,,"","",,,,,67,72,70
2021-11-28,2021,0,,HOU,NYJ,1361.23725766646,1321.08385799458,0.6468705803338881,0.3531294196661119,,,,,Tyrod Taylor,"",143.5136101431394,48.7615183395747,-40.36993405895668,-29.660566726486078,0.5953999543183316,0.4046000456816684,,,"","",,,,,0,2,1
2021-11-28,2021,0,,JAX,ATL,1295.76123977536,1453.0664250733,0.3702017601462623,0.6297982398537376,,,,,Trevor Lawrence,Matt Ryan,119.95154992063914,196.59576156845392,-0.008229268523177779,10.11908640238451,0.4038599409338696,0.5961400590661303,,,"","",,,,,4,18,11
2021-11-28,2021,0,,NYG,PHI,1411.67057100879,1410.27140333946,0.5944094730680133,0.4055905269319867,,,,,Daniel Jones,Jalen Hurts,136.76543970579039,165.99759085663743,1.3618481810610645,12.590273369841416,0.5754482118583066,0.42455178814169336,,,"","",,,,,15,30,23
2021-11-28,2021,0,,DEN,LAC,1430.88070895129,1545.92655572707,0.42847225280606194,0.5715277471939381,,,,,Teddy Bridgewater,Justin Herbert,152.27974019011543,211.84057312517285,3.9849478286544215,12.73026111101779,0.4412132763453411,0.5587867236546589,,,"","",,,,,53,66,60
2021-11-28,2021,0,,GB,LAR,1658.99274160788,1634.14915803656,0.6264884102102314,0.3735115897897686,,,,,Aaron Rodgers,Matthew Stafford,235.94295505892694,214.8785876527831,0.059846580146795246,22.76864923903381,0.5059806070860083,0.49401939291399166,,,"","",,,,,96,56,76
2021-11-28,2021,0,,SF,MIN,1458.79749416304,1511.26847645357,0.5180228940804983,0.4819771059195017,,,,,Jimmy Garoppolo,Kirk Cousins,113.99649177540888,227.73260721382542,-9.105067313464302,17.93877237665105,0.5185050573213159,0.4814949426786841,,,"","",,,,,52,87,70
2021-11-28,2021,0,,BAL,CLE,1594.88893873437,1536.46929352588,0.6705029249530632,0.3294970750469368,,,,,Lamar Jackson,"",220.07043389734886,149.8085794331336,5.444997545990641,-8.137816550878737,0.645233934944328,0.354766065055672,,,"","",,,,,81,90,86
2021-11-29,2021,0,,WSH,SEA,1411.42980268487,1529.38911796185,0.4243702570416756,0.5756297429583244,,,,,Ryan Fitzpatrick,Russell Wilson,171.22720289055349,188.27442239948527,7.0735038674203246,4.136678628150409,0.4894761659904483,0.5105238340095517,,,"","",,,,,43,57,50
2021-12-02,2021,0,,NO,DAL,1613.50129890897,1549.63072327855,0.6773977909359294,0.32260220906407056,,,,,Jameis Winston,Dak Prescott,150.94269023310213,262.7746104454812,-11.504349880075484,27.72392019793474,0.511948682156194,0.48805131784380595,,,"","",,,,,86,63,75
2021-12-05,2021,0,,KC,DEN,1584.05742870397,1430.88070895129,0.7783240211853797,0.2216759788146203,,,,,Patrick Mahomes,Teddy Bridgewater,235.86180821549212,152.27974019011543,-0.4860519502327591,3.9849478286544215,0.7616991326048611,0.2383008673951389,,,"","",,,,,52,63,58
2021-12-05,2021,0,,ATL,TB,1453.0664250733,1686.80135924041,0.27461820146744603,0.7253817985325539,,,,,Matt Ryan,Tom Brady,196.59576156845392,264.2998079828723,10.11908640238451,27.261114499207036,0.249720872796513,0.750279127203487,,,"","",,,,,76,51,64
2021-12-05,2021,0,,DET,MIN,1309.86309624133,1511.26847645357,0.31319756440660945,0.6868024355933906,,,,,Jared Goff,Kirk Cousins,143.50024218598926,227.73260721382542,-10.781961255110094,17.93877237665105,0.24975182539653878,0.7502481746034613,,,"","",,,,,6,23,15
2021-12-05,2021,0,,CHI,ARI,1480.76128824339,1646.52012493395,0.3589292598964638,0.6410707401035363,,,,,Justin Fields,Kyler Murray,45.70553370991014,226.8382746485671,-43.15072805240438,5.768365212886337,0.2640611923809162,0.7359388076190838,,,"","",,,,,63,50,57
2021-12-05,2021,0,,CIN,LAC,1539.92974677422,1545.92655572707,0.5841054211683553,0.4158945788316447,,,,,Joe Burrow,Justin Herbert,174.6225932134289,211.84057312517285,13.592173935481346,12.73026111101779,0.5597581593417809,0.44024184065821914,,,"","",,,,,79,74,77
2021-12-05,2021,0,,NYJ,PHI,1321.08385799458,1410.27140333946,0.4652474496475596,0.5347525503524404,,,,,Zach Wilson,Jalen Hurts,51.2265351661602,165.99759085663743,-27.19554989990058,12.590273369841416,0.40689766532990884,0.5931023346700912,,,"","",,,,,2,12,7
2021-12-05,2021,0,,MIA,NYG,1418.10059660603,1411.67057100879,0.6013718130307658,0.3986281869692342,,,,,Tua Tagovailoa,Daniel Jones,144.59728444501658,136.76543970579039,-4.137585781933227,1.3618481810610645,0.5653000844844029,0.43469991551559706,,,"","",,,,,13,7,10
2021-12-05,2021,0,,HOU,IND,1361.23725766646,1559.55183482612,0.317037390591037,0.6829626094089629,,,,,Tyrod Taylor,Carson Wentz,143.5136101431394,145.93474428290108,-40.36993405895668,3.7916899857262854,0.2707773741775425,0.7292226258224574,,,"","",,,,,12,32,22
2021-12-05,2021,0,,OAK,WSH,1525.40609065288,1411.42980268487,0.7369683019127712,0.2630316980872288,,,,,Derek Carr,Ryan Fitzpatrick,200.10557397367216,171.22720289055349,7.647187453213432,7.0735038674203246,0.6771444797231916,0.3228555202768084,,,"","",,,,,42,51,47
2021-12-05,2021,0,,PIT,BAL,1503.91098964153,1594.88893873437,0.4626842397373301,0.5373157602626699,,,,,Ben Roethlisberger,Lamar Jackson,182.49451507285414,220.07043389734886,-8.156122862752255,5.444997545990641,0.411071554106326,0.588928445893674,,,"","",,,,,66,83,75
2021-12-05,2021,0,,LAR,JAX,1634.14915803656,1295.76123977536,0.9106898721394043,0.08931012786059567,,,,,Matthew Stafford,Trevor Lawrence,214.8785876527831,119.95154992063914,22.76864923903381,-0.008229268523177779,0.9059940230045793,0.09400597699542068,,,"","",,,,,31,3,17
2021-12-05,2021,0,,SEA,SF,1529.38911796185,1458.79749416304,0.6857939267165865,0.31420607328341355,,,,,Russell Wilson,Jimmy Garoppolo,188.27442239948527,113.99649177540888,4.136678628150409,-9.105067313464302,0.6422872620195994,0.3577127379804006,,,"","",,,,,51,70,61
2021-12-06,2021,0,,BUF,NE,1672.47107071201,1491.62373240509,0.8045865607310309,0.19541343926896915,,,,,Josh Allen,Mac Jones,269.53239384206614,131.9313918355996,19.233778639716277,0.9141994112080538,0.7732107550807269,0.2267892449192731,,,"","",,,,,83,60,72
2021-12-09,2021,0,,MIN,PIT,1511.26847645357,1503.91098964153,0.6026509778709946,0.39734902212900536,,,,,Kirk Cousins,Ben Roethlisberger,227.73260721382542,182.49451507285414,17.93877237665105,-8.156122862752255,0.6559784277881814,0.3440215722118186,,,"","",,,,,50,72,61
2021-12-12,2021,0,,HOU,SEA,1361.23725766646,1529.38911796185,0.3557657623701794,0.6442342376298207,,,,,Tyrod Taylor,Russell Wilson,143.5136101431394,188.27442239948527,-40.36993405895668,4.136678628150409,0.29294262937422366,0.7070573706257763,,,"","",,,,,10,17,14
2021-12-12,2021,0,,CIN,SF,1539.92974677422,1458.79749416304,0.6987189140479151,0.3012810859520849,,,,,Joe Burrow,Jimmy Garoppolo,174.6225932134289,113.99649177540888,13.592173935481346,-9.105067313464302,0.6842490968063827,0.3157509031936173,,,"","",,,,,57,51,54
2021-12-12,2021,0,,CAR,ATL,1424.08075925576,1453.0664250733,0.551643955871262,0.448356044128738,,,,,Sam Darnold,Matt Ryan,88.33863017023539,196.59576156845392,-23.47698082004914,10.11908640238451,0.5648278217109046,0.4351721782890954,,,"","",,,,,15,41,28
2021-12-12,2021,0,,NYJ,NO,1321.08385799458,1613.50129890897,0.21263413331512673,0.7873658666848733,,,,,Zach Wilson,Jameis Winston,51.2265351661602,150.94269023310213,-27.19554989990058,-11.504349880075484,0.24324422668524398,0.7567557733147561,,,"","",,,,,14,25,20
2021-12-12,2021,0,,TEN,JAX,1588.37609533507,1295.76123977536,0.8868133783870462,0.11318662161295379,,,,,Ryan Tannehill,Trevor Lawrence,172.38355168538425,119.95154992063914,-9.764777835931488,-0.008229268523177779,0.8707192624486569,0.12928073755134306,,,"","",,,,,18,6,12
2021-12-12,2021,0,,WSH,DAL,1411.42980268487,1549.63072327855,0.396186965062223,0.603813034937777,,,,,Ryan Fitzpatrick,Dak Prescott,171.22720289055349,262.7746104454812,7.0735038674203246,27.72392019793474,0.3631413817458931,0.636858618254107,,,"","",,,,,64,29,47
2021-12-12,2021,0,,KC,OAK,1584.05742870397,1525.40609065288,0.6707975174909035,0.32920248250909645,,,,,Patrick Mahomes,Derek Carr,235.86180821549212,200.10557397367216,-0.4860519502327591,7.647187453213432,0.6523077455013881,0.34769225449861185,,,"","",,,,,71,95,83
2021-12-12,2021,0,,CLE,BAL,1536.46929352588,1594.88893873437,0.5094687596114043,0.49053124038859575,,,,,Baker Mayfield,Lamar Jackson,151.43705360467726,220.07043389734886,-6.509342379335065,5.444997545990641,0.5504661179724277,0.4495338820275723,,,"","",,,,,82,92,87
2021-12-12,2021,0,,DEN,DET,1430.88070895129,1309.86309624133,0.7447496807506349,0.25525031924936514,,,,,Teddy Bridgewater,Jared Goff,152.27974019011543,143.50024218598926,3.9849478286544215,-10.781961255110094,0.7870469220096,0.21295307799039997,,,"","",,,,,2,6,4
2021-12-12,2021,0,,LAC,NYG,1545.92655572707,1411.67057100879,0.758964293567783,0.24103570643221695,,,,,Justin Herbert,Daniel Jones,211.84057312517285,136.76543970579039,12.73026111101779,1.3618481810610645,0.7743915029426618,0.2256084970573382,,,"","",,,,,47,24,36
2021-12-12,2021,0,,TB,BUF,1686.80135924041,1672.47107071201,0.6122219759181652,0.3877780240818348,,,,,Tom Brady,Josh Allen,264.2998079828723,269.53239384206614,27.261114499207036,19.233778639716277,0.6286648656029067,0.3713351343970933,,,"","",,,,,99,61,80
2021-12-12,2021,0,,GB,CHI,1658.99274160788,1480.76128824339,0.8022081339615281,0.19779186603847188,,,,,Aaron Rodgers,Justin Fields,235.94295505892694,45.70553370991014,0.059846580146795246,-43.15072805240438,0.8238263328657678,0.17617366713423221,,,"","",,,,,57,24,41
2021-12-13,2021,0,,ARI,LAR,1646.52012493395,1634.14915803656,0.6095409625813174,0.3904590374186826,,,,,Kyler Murray,Matthew Stafford,226.8382746485671,214.8785876527831,5.768365212886337,22.76864923903381,0.5717034679521256,0.42829653204787443,,,"","",,,,,97,96,97
2021-12-16,2021,0,,LAC,KC,1545.92655572707,1584.05742870397,0.5385908781092179,0.4614091218907821,,,,,Justin Herbert,Patrick Mahomes,211.84057312517285,235.86180821549212,12.73026111101779,-0.4860519502327591,0.5928251949095414,0.40717480509045856,,,"","",,,,,82,89,86
2021-12-19,2021,0,,CLE,OAK,1536.46929352588,1525.40609065288,0.6077477999134774,0.3922522000865226,,,,,Baker Mayfield,Derek Carr,151.43705360467726,200.10557397367216,-6.509342379335065,7.647187453213432,0.6283883679793939,0.3716116320206061,,,"","",,,,,66,94,80
2021-12-19,2021,0,,IND,NE,1559.55183482612,1491.62373240509,0.6824807050496637,0.31751929495033626,,,,,Carson Wentz,Mac Jones,145.93474428290108,131.9313918355996,3.7916899857262854,0.9141994112080538,0.6365412904166343,0.3634587095833657,,,"","",,,,,60,95,78
2021-12-19,2021,0,,PHI,WSH,1410.27140333946,1411.42980268487,0.5908551863755375,0.40914481362446253,,,,,Jalen Hurts,Ryan Fitzpatrick,165.99759085663743,171.22720289055349,12.590273369841416,7.0735038674203246,0.5761125864393409,0.42388741356065907,,,"","",,,,,20,40,30
2021-12-19,2021,0,,BUF,CAR,1672.47107071201,1424.08075925576,0.8586375402043271,0.14136245979567286,,,,,Josh Allen,Sam Darnold,269.53239384206614,88.33863017023539,19.233778639716277,-23.47698082004914,0.8549891693819147,0.14501083061808528,,,"","",,,,,60,13,37
2021-12-19,2021,0,,MIA,NYJ,1418.10059660603,1321.08385799458,0.7176112495321842,0.28238875046781575,,,,,Tua Tagovailoa,Zach Wilson,144.59728444501658,51.2265351661602,-4.137585781933227,-27.19554989990058,0.7479168500344778,0.25208314996552217,,,"","",,,,,1,2,2
2021-12-19,2021,0,,NYG,DAL,1411.67057100879,1549.63072327855,0.39651856934882507,0.6034814306511749,,,,,Daniel Jones,Dak Prescott,136.76543970579039,262.7746104454812,1.3618481810610645,27.72392019793474,0.32554180654380177,0.6744581934561982,,,"","",,,,,55,17,36
2021-12-19,2021,0,,BAL,GB,1594.88893873437,1658.99274160788,0.5012897284794436,0.49871027152055636,,,,,Lamar Jackson,Aaron Rodgers,220.07043389734886,235.94295505892694,5.444997545990641,0.059846580146795246,0.5520430749224039,0.4479569250775961,,,"","",,,,,91,45,68
2021-12-19,2021,0,,JAX,HOU,1295.76123977536,1361.23725766646,0.4993149556161144,0.5006850443838856,,,,,Trevor Lawrence,Tyrod Taylor,119.95154992063914,143.5136101431394,-0.008229268523177779,-40.36993405895668,0.5951839201496518,0.4048160798503482,,,"","",,,,,0,2,1
2021-12-19,2021,0,,PIT,TEN,1503.91098964153,1588.37609533507,0.4720167330446338,0.5279832669553661,,,,,Ben Roethlisberger,Ryan Tannehill,182.49451507285414,172.38355168538425,-8.156122862752255,-9.764777835931488,0.4496709092985289,0.5503290907014711,,,"","",,,,,60,67,64
2021-12-19,2021,0,,DET,ARI,1309.86309624133,1646.52012493395,0.17310440075239356,0.8268955992476065,,,,,Jared Goff,Kyler Murray,143.50024218598926,226.8382746485671,-10.781961255110094,5.768365212886337,0.15194695286437215,0.8480530471356278,,,"","",,,,,20,11,16
2021-12-19,2021,0,,SF,ATL,1458.79749416304,1453.0664250733,0.6004068881408924,0.3995931118591076,,,,,Jimmy Garoppolo,Matt Ryan,113.99649177540888,196.59576156845392,-9.105067313464302,10.11908640238451,0.6437552100010142,0.3562447899989858,,,"","",,,,,30,61,46
2021-12-19,2021,0,,DEN,CIN,1430.88070895129,1539.92974677422,0.4369458218752767,0.5630541781247234,,,,,Teddy Bridgewater,Joe Burrow,152.27974019011543,174.6225932134289,3.9849478286544215,13.592173935481346,0.43683307205763583,0.5631669279423641,,,"","",,,,,49,65,57
2021-12-19,2021,0,,LAR,SEA,1634.14915803656,1529.38911796185,0.7265557278016742,0.2734442721983258,,,,,Matthew Stafford,Russell Wilson,214.8785876527831,188.27442239948527,22.76864923903381,4.136678628150409,0.7401666896263995,0.25983331037360047,,,"","",,,,,86,50,68
2021-12-19,2021,0,,TB,NO,1686.80135924041,1613.50129890897,0.6891437167771738,0.3108562832228262,,,,,Tom Brady,Jameis Winston,264.2998079828723,150.94269023310213,27.261114499207036,-11.504349880075484,0.7427966013852046,0.25720339861479535,,,"","",,,,,95,63,79
2021-12-20,2021,0,,CHI,MIN,1480.76128824339,1511.26847645357,0.549476702690286,0.45052329730971397,,,,,Justin Fields,Kirk Cousins,45.70553370991014,227.73260721382542,-43.15072805240438,17.93877237665105,0.43525590340017345,0.5647440965998265,,,"","",,,,,37,88,63
2021-12-23,2021,0,,TEN,SF,1588.37609533507,1458.79749416304,0.7540043837229955,0.2459956162770045,,,,,Ryan Tannehill,Jimmy Garoppolo,172.38355168538425,113.99649177540888,-9.764777835931488,-9.105067313464302,0.7023379520426902,0.29766204795730977,,,"","",,,,,61,39,50
2021-12-25,2021,0,,GB,CLE,1658.99274160788,1536.46929352588,0.7463940020868677,0.2536059979131323,,,,,Aaron Rodgers,Baker Mayfield,235.94295505892694,151.43705360467726,0.059846580146795246,-6.509342379335065,0.6712953284022102,0.3287046715977898,,,"","",,,,,85,51,68
2021-12-25,2021,0,,ARI,IND,1646.52012493395,1559.55183482612,0.7057434537831508,0.29425654621684916,,,,,Kyler Murray,Carson Wentz,226.8382746485671,145.93474428290108,5.768365212886337,3.7916899857262854,0.7185621441005065,0.28143785589949355,,,"","",,,,,87,63,75
2021-12-26,2021,0,,MIN,LAR,1511.26847645357,1634.14915803656,0.4174651397277693,0.5825348602722307,,,,,Kirk Cousins,Matthew Stafford,227.73260721382542,214.8785876527831,17.93877237665105,22.76864923903381,0.4182289773857833,0.5817710226142168,,,"","",,,,,86,73,80
2021-12-26,2021,0,,CAR,TB,1424.08075925576,1686.80135924041,0.24265627709575185,0.7573437229042481,,,,,Sam Darnold,Tom Brady,88.33863017023539,264.2998079828723,-23.47698082004914,27.261114499207036,0.2136848169468407,0.7863151830531593,,,"","",,,,,67,26,47
2021-12-26,2021,0,,HOU,LAC,1361.23725766646,1545.92655572707,0.334258461628731,0.665741538371269,,,,,Tyrod Taylor,Justin Herbert,143.5136101431394,211.84057312517285,-40.36993405895668,12.73026111101779,0.23683987807381526,0.7631601219261848,,,"","",,,,,17,17,17
2021-12-26,2021,0,,CIN,BAL,1539.92974677422,1594.88893873437,0.5144458628332947,0.48555413716670526,,,,,Joe Burrow,Lamar Jackson,174.6225932134289,220.07043389734886,13.592173935481346,5.444997545990641,0.5220315637289065,0.47796843627109353,,,"","",,,,,82,75,79
2021-12-26,2021,0,,NYJ,JAX,1321.08385799458,1295.76123977536,0.6271334522462935,0.37286654775370653,,,,,Zach Wilson,Trevor Lawrence,51.2265351661602,119.95154992063914,-27.19554989990058,-0.008229268523177779,0.5654672905387275,0.43453270946127254,,,"","",,,,,0,2,1
2021-12-26,2021,0,,PHI,NYG,1410.27140333946,1411.67057100879,0.5905200915120633,0.4094799084879367,,,,,Jalen Hurts,Daniel Jones,165.99759085663743,136.76543970579039,12.590273369841416,1.3618481810610645,0.5824950769354461,0.4175049230645539,,,"","",,,,,15,30,23
2021-12-26,2021,0,,ATL,DET,1453.0664250733,1309.86309624133,0.7682604520786057,0.23173954792139428,,,,,Matt Ryan,Jared Goff,196.59576156845392,143.50024218598926,10.11908640238451,-10.781961255110094,0.778071488302081,0.22192851169791905,,,"","",,,,,2,9,6
2021-12-26,2021,0,,NE,BUF,1491.62373240509,1672.47107071201,0.3391978555492778,0.6608021444507222,,,,,Mac Jones,Josh Allen,131.9313918355996,269.53239384206614,0.9141994112080538,19.233778639716277,0.3599672852620511,0.640032714737949,,,"","",,,,,83,82,83
2021-12-26,2021,0,,SEA,CHI,1529.38911796185,1480.76128824339,0.6579325249093256,0.34206747509067437,,,,,Russell Wilson,Justin Fields,188.27442239948527,45.70553370991014,4.136678628150409,-43.15072805240438,0.7141760233423795,0.2858239766576205,,,"","",,,,,36,57,47
2021-12-26,2021,0,,KC,PIT,1584.05742870397,1503.91098964153,0.6975229621653821,0.3024770378346179,,,,,Patrick Mahomes,Ben Roethlisberger,235.86180821549212,182.49451507285414,-0.4860519502327591,-8.156122862752255,0.7046691085930566,0.29533089140694335,,,"","",,,,,60,84,72
2021-12-26,2021,0,,OAK,DEN,1525.40609065288,1430.88070895129,0.7146959827995253,0.2853040172004747,,,,,Derek Carr,Teddy Bridgewater,200.10557397367216,152.27974019011543,7.647187453213432,3.9849478286544215,0.6754673672986136,0.32453263270138644,,,"","",,,,,40,81,61
2021-12-26,2021,0,,DAL,WSH,1549.63072327855,1411.42980268487,0.763094134319076,0.23690586568092398,,,,,Dak Prescott,Ryan Fitzpatrick,262.7746104454812,171.22720289055349,27.72392019793474,7.0735038674203246,0.7774079662973651,0.22259203370263492,,,"","",,,,,64,26,45
2021-12-27,2021,0,,NO,MIA,1613.50129890897,1418.10059660603,0.8174233330250806,0.18257666697491937,,,,,Jameis Winston,Tua Tagovailoa,150.94269023310213,144.59728444501658,-11.504349880075484,-4.137585781933227,0.7700124695648441,0.22998753043515585,,,"","",,,,,40,30,35
2022-01-02,2021,0,,CHI,NYG,1480.76128824339,1411.67057100879,0.6839292112763344,0.31607078872366556,,,,,Justin Fields,Daniel Jones,45.70553370991014,136.76543970579039,-43.15072805240438,1.3618481810610645,0.5882785656580991,0.4117214343419009,,,"","",,,,,15,27,21
2022-01-02,2021,0,,IND,OAK,1559.55183482612,1525.40609065288,0.638931320645978,0.361068679354022,,,,,Carson Wentz,Derek Carr,145.93474428290108,200.10557397367216,3.7916899857262854,7.647187453213432,0.6168026590335343,0.38319734096646574,,,"","",,,,,65,96,81
2022-01-02,2021,0,,NE,JAX,1491.62373240509,1295.76123977536,0.8178197262975637,0.18218027370243628,,,,,Mac Jones,Trevor Lawrence,131.9313918355996,119.95154992063914,0.9141994112080538,-0.008229268523177779,0.8008500699955826,0.19914993000441739,,,"","",,,,,9,13,11
2022-01-02,2021,0,,BUF,ATL,1672.47107071201,1453.0664250733,0.837148774306783,0.16285122569321697,,,,,Josh Allen,Matt Ryan,269.53239384206614,196.59576156845392,19.233778639716277,10.11908640238451,0.8282132070071668,0.17178679299283317,,,"","",,,,,71,32,52
2022-01-02,2021,0,,NO,CAR,1613.50129890897,1424.08075925576,0.8122294834721998,0.1877705165278002,,,,,Jameis Winston,Sam Darnold,150.94269023310213,88.33863017023539,-11.504349880075484,-23.47698082004914,0.7737919635745761,0.22620803642542386,,,"","",,,,,39,46,43
2022-01-02,2021,0,,CIN,KC,1539.92974677422,1584.05742870397,0.5300015965488267,0.4699984034511733,,,,,Joe Burrow,Patrick Mahomes,174.6225932134289,235.86180821549212,13.592173935481346,-0.4860519502327591,0.5587909072314995,0.4412090927685005,,,"","",,,,,78,92,85
2022-01-02,2021,0,,NYJ,TB,1321.08385799458,1686.80135924041,0.15045088263079956,0.8495491173692005,,,,,Zach Wilson,Tom Brady,51.2265351661602,264.2998079828723,-27.19554989990058,27.261114499207036,0.13335120140565662,0.8666487985943434,,,"","",,,,,35,6,21
2022-01-02,2021,0,,WSH,PHI,1411.42980268487,1410.27140333946,0.5940752893141142,0.40592471068588576,,,,,Ryan Fitzpatrick,Jalen Hurts,171.22720289055349,165.99759085663743,7.0735038674203246,12.590273369841416,0.6166910387560216,0.3833089612439784,,,"","",,,,,20,40,30
2022-01-02,2021,0,,TEN,MIA,1588.37609533507,1418.10059660603,0.7948406467786975,0.20515935322130252,,,,,Ryan Tannehill,Tua Tagovailoa,172.38355168538425,144.59728444501658,-9.764777835931488,-4.137585781933227,0.7757348121587261,0.22426518784127392,,,"","",,,,,41,16,29
2022-01-02,2021,0,,DAL,ARI,1549.63072327855,1646.52012493395,0.4542359030474638,0.5457640969525361,,,,,Dak Prescott,Kyler Murray,262.7746104454812,226.8382746485671,27.72392019793474,5.768365212886337,0.5395500075897733,0.46044999241022666,,,"","",,,,,95,84,90
2022-01-02,2021,0,,LAC,DEN,1545.92655572707,1430.88070895129,0.7381600452325241,0.2618399547674759,,,,,Justin Herbert,Teddy Bridgewater,211.84057312517285,152.27974019011543,12.73026111101779,3.9849478286544215,0.7411473728765701,0.25885262712342993,,,"","",,,,,53,65,59
2022-01-02,2021,0,,SF,HOU,1458.79749416304,1361.23725766646,0.7182448190206815,0.2817551809793185,,,,,Jimmy Garoppolo,Tyrod Taylor,113.99649177540888,143.5136101431394,-9.105067313464302,-40.36993405895668,0.7929466483583401,0.20705335164165994,,,"","",,,,,6,6,6
2022-01-02,2021,0,,BAL,LAR,1594.88893873437,1634.14915803656,0.5369749000863462,0.4630250999136538,,,,,Lamar Jackson,Matthew Stafford,220.07043389734886,214.8785876527831,5.444997545990641,22.76864923903381,0.5142808018987767,0.4857191981012233,,,"","",,,,,94,52,73
2022-01-02,2021,0,,SEA,DET,1529.38911796185,1309.86309624133,0.8372440057088394,0.1627559942911606,,,,,Russell Wilson,Jared Goff,188.27442239948527,143.50024218598926,4.136678628150409,-10.781961255110094,0.8537260650790779,0.1462739349209221,,,"","",,,,,6,8,7
2022-01-02,2021,0,,GB,MIN,1658.99274160788,1511.26847645357,0.7728613960349376,0.22713860396506236,,,,,Aaron Rodgers,Kirk Cousins,235.94295505892694,227.73260721382542,0.059846580146795246,17.93877237665105,0.6931809665998923,0.30681903340010774,,,"","",,,,,82,63,73
2022-01-03,2021,0,,PIT,CLE,1503.91098964153,1536.46929352588,0.5465521387546776,0.45344786124532244,,,,,Ben Roethlisberger,Baker Mayfield,182.49451507285414,151.43705360467726,-8.156122862752255,-6.509342379335065,0.4759237523704571,0.5240762476295429,,,"","",,,,,55,94,75
2022-01-09,2021,0,,CLE,CIN,1536.46929352588,1539.92974677422,0.5876478380782336,0.4123521619217664,,,,,Baker Mayfield,Joe Burrow,151.43705360467726,174.6225932134289,-6.509342379335065,13.592173935481346,0.5731821332046508,0.42681786679534917,,,"","",,,,,74,93,84
2022-01-09,2021,0,,PHI,DAL,1410.27140333946,1549.63072327855,0.39459286888165085,0.6054071311183491,,,,,Jalen Hurts,Dak Prescott,165.99759085663743,262.7746104454812,12.590273369841416,27.72392019793474,0.32835533118669474,0.6716446688133053,,,"","",,,,,56,37,47
2022-01-09,2021,0,,BAL,PIT,1594.88893873437,1503.91098964153,0.710513904535841,0.28948609546415904,,,,,Lamar Jackson,Ben Roethlisberger,220.07043389734886,182.49451507285414,5.444997545990641,-8.156122862752255,0.7314203417516459,0.26857965824835406,,,"","",,,,,66,77,72
2022-01-09,2021,0,,JAX,IND,1295.76123977536,1559.55183482612,0.24152613561446337,0.7584738643855367,,,,,Trevor Lawrence,Carson Wentz,119.95154992063914,145.93474428290108,-0.008229268523177779,3.7916899857262854,0.27993218937011544,0.7200678106298846,,,"","",,,,,14,36,25
2022-01-09,2021,0,,DET,GB,1309.86309624133,1658.99274160788,0.163067156327006,0.836932843672994,,,,,Jared Goff,Aaron Rodgers,143.50024218598926,235.94295505892694,-10.781961255110094,0.059846580146795246,0.1682367708107677,0.8317632291892323,,,"","",,,,,17,4,11
2022-01-09,2021,0,,BUF,NYJ,1672.47107071201,1321.08385799458,0.9165919431346972,0.08340805686530284,,,,,Josh Allen,Zach Wilson,269.53239384206614,51.2265351661602,19.233778639716277,-27.19554989990058,0.9128268189910753,0.08717318100892468,,,"","",,,,,29,5,17
2022-01-09,2021,0,,NYG,WSH,1411.67057100879,1411.42980268487,0.5928008310387682,0.40719916896123176,,,,,Daniel Jones,Ryan Fitzpatrick,136.76543970579039,171.22720289055349,1.3618481810610645,7.0735038674203246,0.5375320769690289,0.46246792303097106,,,"","",,,,,20,20,20
2022-01-09,2021,0,,HOU,TEN,1361.23725766646,1588.37609533507,0.28224634121769837,0.7177536587823017,,,,,Tyrod Taylor,Ryan Tannehill,143.5136101431394,172.38355168538425,-40.36993405895668,-9.764777835931488,0.23994015016973289,0.7600598498302671,,,"","",,,,,16,12,14
2022-01-09,2021,0,,MIA,NE,1418.10059660603,1491.62373240509,0.4877366815140753,0.5122633184859247,,,,,Tua Tagovailoa,Mac Jones,144.59728444501658,131.9313918355996,-4.137585781933227,0.9141994112080538,0.45567535271066245,0.5443246472893375,,,"","",,,,,26,41,34
2022-01-09,2021,0,,TB,CAR,1686.80135924041,1424.08075925576,0.8683572530083628,0.13164274699163725,,,,,Tom Brady,Sam Darnold,264.2998079828723,88.33863017023539,27.261114499207036,-23.47698082004914,0.8764884941103065,0.12351150588969351,,,"","",,,,,67,15,41
2022-01-09,2021,0,,MIN,CHI,1511.26847645357,1480.76128824339,0.6340853760499708,0.36591462395002916,,,,,Kirk Cousins,Justin Fields,227.73260721382542,45.70553370991014,17.93877237665105,-43.15072805240438,0.7130067923854253,0.2869932076145747,,,"","",,,,,37,80,59
2022-01-09,2021,0,,ATL,NO,1453.0664250733,1613.50129890897,0.36601121392874514,0.6339887860712549,,,,,Matt Ryan,Jameis Winston,196.59576156845392,150.94269023310213,10.11908640238451,-11.504349880075484,0.4092785021535219,0.5907214978464781,,,"","",,,,,49,94,72
2022-01-09,2021,0,,OAK,LAC,1525.40609065288,1545.92655572707,0.5636637650288392,0.4363362349711608,,,,,Derek Carr,Justin Herbert,200.10557397367216,211.84057312517285,7.647187453213432,12.73026111101779,0.502072975630786,0.497927024369214,,,"","",,,,,72,87,80
2022-01-09,2021,0,,ARI,SEA,1646.52012493395,1529.38911796185,0.7404733701837387,0.2595266298162613,,,,,Kyler Murray,Russell Wilson,226.8382746485671,188.27442239948527,5.768365212886337,4.136678628150409,0.733834746640189,0.266165253359811,,,"","",,,,,85,70,78
2022-01-09,2021,0,,DEN,KC,1430.88070895129,1584.05742870397,0.37575959349072047,0.6242404065092795,,,,,Teddy Bridgewater,Patrick Mahomes,152.27974019011543,235.86180821549212,3.9849478286544215,-0.4860519502327591,0.41123064397422565,0.5887693560257743,,,"","",,,,,52,87,70
2022-01-09,2021,0,,LAR,SF,1634.14915803656,1458.79749416304,0.7995646106710897,0.20043538932891025,,,,,Matthew Stafford,Jimmy Garoppolo,214.8785876527831,113.99649177540888,22.76864923903381,-9.105067313464302,0.7833839201800289,0.2166160798199711,,,"","",,,,,78,35,57
